{
  "u": 89.54789733886719,
  "v": 90.1135025024414
}