{
  "u": 89.53059387207031,
  "v": 90.19929504394531
}