{
  "pre_path": "data/real_human/subject_05/neck/view_01/pre.bmp",
  "intra_path": "data/real_human/subject_05/neck/view_01/intra.bmp",
  "center_pre": [
    791.0,
    456.0
  ],
  "markers_pre": [
    [
      744.0,
      425.0
    ],
    [
      815.0,
      426.0
    ],
    [
      831.0,
      468.0
    ],
    [
      770.0,
      479.0
    ]
  ],
  "markers_intra": [
    [
      742.0,
      426.0
    ],
    [
      815.0,
      424.0
    ],
    [
      829.0,
      468.0
    ],
    [
      768.0,
      481.0
    ]
  ],
  "center_gt": [
    789.2163696289062,
    457.010498046875
  ],
  "homography": [
    [
      1.1005984836188425,
      0.893094116724954,
      -239.80473909882818
    ],
    [
      -0.17510170952607648,
      1.9018066936143805,
      -127.63374059541887
    ],
    [
      -0.0002805625155752817,
      0.001178022856889168,
      1.0
    ]
  ]
}