{
  "u": 89.59268188476562,
  "v": 89.6931381225586
}