{
  "u": 90.3211669921875,
  "v": 89.16139221191406
}