{
  "u": 89.08729553222656,
  "v": 89.6653823852539
}