{
  "u": 90.39115142822266,
  "v": 89.83392333984375
}