{
  "u": 89.69677734375,
  "v": 89.7173080444336
}