{
  "u": 90.65837097167969,
  "v": 89.45011138916016
}