{
  "u": 90.25658416748047,
  "v": 90.3072280883789
}