{
  "u": 90.2896728515625,
  "v": 89.8903579711914
}