{
  "pre_path": "data/real_human/subject_02/groin/view_02/pre.bmp",
  "intra_path": "data/real_human/subject_02/groin/view_02/intra.bmp",
  "center_pre": [
    656.0,
    230.0
  ],
  "markers_pre": [
    [
      631.0,
      194.0
    ],
    [
      690.0,
      202.0
    ],
    [
      681.0,
      272.0
    ],
    [
      622.0,
      262.0
    ]
  ],
  "markers_intra": [
    [
      630.0,
      195.0
    ],
    [
      690.0,
      199.0
    ],
    [
      679.0,
      269.0
    ],
    [
      622.0,
      261.0
    ]
  ],
  "center_gt": [
    654.6621704101562,
    229.27267456054688
  ],
  "homography": [
    [
      0.4273771585979852,
      0.28214902359427335,
      156.57304644805723
    ],
    [
      -0.15353487516541509,
      0.8530404847372356,
      80.26694441199078
    ],
    [
      -0.0005100007415300153,
      0.00043958058321961937,
      1.0
    ]
  ]
}