{
  "u": 89.36536407470703,
  "v": 90.13217163085938
}