{
  "u": 90.458251953125,
  "v": 90.54863739013672
}