{
  "u": 90.79046630859375,
  "v": 89.35887145996094
}