{
  "u": 90.32056427001953,
  "v": 90.39523315429688
}