{
  "pre_path": "data/real_human/subject_07/neck/view_03/pre.bmp",
  "intra_path": "data/real_human/subject_07/neck/view_03/intra.bmp",
  "center_pre": [
    761.0,
    347.0
  ],
  "markers_pre": [
    [
      730.0,
      336.0
    ],
    [
      774.0,
      318.0
    ],
    [
      794.0,
      358.0
    ],
    [
      755.0,
      382.0
    ]
  ],
  "markers_intra": [
    [
      730.0,
      336.0
    ],
    [
      770.0,
      318.0
    ],
    [
      795.0,
      359.0
    ],
    [
      756.0,
      381.0
    ]
  ],
  "center_gt": [
    759.2622680664062,
    346.68292236328125
  ],
  "homography": [
    [
      -0.20970031810963263,
      -0.08085434467832955,
      470.9992402044427
    ],
    [
      -0.255739785972903,
      0.3169822120150628,
      214.00911447652436
    ],
    [
      -0.0007582697125442789,
      -0.0001433754159028931,
      0.9999999999999999
    ]
  ]
}