{
  "u": 89.67118072509766,
  "v": 90.29361724853516
}