{
  "u": 90.23619842529297,
  "v": 90.02897644042969
}