{
  "u": 89.6653823852539,
  "v": 90.91270446777344
}