{
  "u": 89.79387664794922,
  "v": 89.32606506347656
}