{
  "u": 90.50617980957031,
  "v": 90.06212615966797
}