{
  "u": 90.3868408203125,
  "v": 89.65453338623047
}