{
  "u": 90.08000183105469,
  "v": 90.50255584716797
}