{
  "u": 90.2557373046875,
  "v": 89.66058349609375
}