{
  "u": 89.7339859008789,
  "v": 90.1129379272461
}