{
  "u": 89.581298828125,
  "v": 89.86204528808594
}