{
  "u": 89.56841278076172,
  "v": 90.08991241455078
}