{
  "u": 89.42064666748047,
  "v": 90.21932220458984
}