{
  "u": 89.30255126953125,
  "v": 90.56570434570312
}