{
  "u": 89.23147583007812,
  "v": 90.19297790527344
}