{
  "u": 90.32881927490234,
  "v": 89.70635223388672
}