{
  "u": 89.86204528808594,
  "v": 90.41873168945312
}