{
  "u": 90.2952651977539,
  "v": 89.19463348388672
}