{
  "u": 89.62286376953125,
  "v": 89.5350341796875
}