{
  "pre_path": "data/real_human/subject_03/neck/view_01/pre.bmp",
  "intra_path": "data/real_human/subject_03/neck/view_01/intra.bmp",
  "center_pre": [
    749.0,
    343.0
  ],
  "markers_pre": [
    [
      702.0,
      331.0
    ],
    [
      755.0,
      295.0
    ],
    [
      790.0,
      349.0
    ],
    [
      738.0,
      382.0
    ]
  ],
  "markers_intra": [
    [
      705.0,
      331.0
    ],
    [
      756.0,
      297.0
    ],
    [
      790.0,
      348.0
    ],
    [
      741.0,
      382.0
    ]
  ],
  "center_gt": [
    751.2077026367188,
    342.56610107421875
  ],
  "homography": [
    [
      1.6958353219174849,
      -0.5440755141021316,
      -150.33573709344617
    ],
    [
      0.2185805967030879,
      0.9583372765864764,
      -66.85591148829239
    ],
    [
      0.0006681024701825299,
      -0.0007524969672525267,
      1.0
    ]
  ]
}