{
  "u": 89.81809997558594,
  "v": 89.40532684326172
}