{
  "u": 90.48056030273438,
  "v": 89.4844970703125
}