{
  "u": 89.72429656982422,
  "v": 89.71544647216797
}