{
  "u": 90.56570434570312,
  "v": 90.69744873046875
}