{
  "u": 89.54364776611328,
  "v": 89.83268737792969
}