{
  "u": 89.41972351074219,
  "v": 90.51824188232422
}