{
  "u": 90.18199157714844,
  "v": 89.52479553222656
}