{
  "u": 90.16661834716797,
  "v": 90.9577865600586
}