{
  "u": 90.34776306152344,
  "v": 89.53839111328125
}