{
  "u": 90.3072280883789,
  "v": 89.74341583251953
}