{
  "u": 89.42635345458984,
  "v": 89.92961883544922
}