{
  "u": 89.60794830322266,
  "v": 90.47955322265625
}