{
  "u": 90.1418228149414,
  "v": 90.56510925292969
}