{
  "u": 90.1176528930664,
  "v": 90.73902893066406
}