{
  "u": 90.44831848144531,
  "v": 90.12775421142578
}