{
  "u": 90.09413146972656,
  "v": 90.59130096435547
}