{
  "u": 89.43489074707031,
  "v": 90.1418228149414
}