{
  "u": 90.91270446777344,
  "v": 90.33460235595703
}