{
  "pre_path": "data/real_human/subject_06/groin/view_02/pre.bmp",
  "intra_path": "data/real_human/subject_06/groin/view_02/intra.bmp",
  "center_pre": [
    640.0,
    197.0
  ],
  "markers_pre": [
    [
      616.0,
      186.0
    ],
    [
      658.0,
      178.0
    ],
    [
      665.0,
      214.0
    ],
    [
      620.0,
      220.0
    ]
  ],
  "markers_intra": [
    [
      616.0,
      183.0
    ],
    [
      660.0,
      178.0
    ],
    [
      665.0,
      215.0
    ],
    [
      622.0,
      221.0
    ]
  ],
  "center_gt": [
    642.1817016601562,
    197.20596313476562
  ],
  "homography": [
    [
      -2.6003795081983654,
      -1.1798616239842534,
      1268.5956215066078
    ],
    [
      -0.5489325573809216,
      -1.4098556413966783,
      436.1828896762153
    ],
    [
      -0.0025252105814244563,
      -0.0018370872715023912,
      0.9999999999999999
    ]
  ]
}