{
  "pre_path": "data/real_human/subject_06/groin/view_05/pre.bmp",
  "intra_path": "data/real_human/subject_06/groin/view_05/intra.bmp",
  "center_pre": [
    644.0,
    128.0
  ],
  "markers_pre": [
    [
      616.0,
      102.0
    ],
    [
      654.0,
      101.0
    ],
    [
      670.0,
      152.0
    ],
    [
      631.0,
      158.0
    ]
  ],
  "markers_intra": [
    [
      615.0,
      102.0
    ],
    [
      655.0,
      99.0
    ],
    [
      671.0,
      151.0
    ],
    [
      631.0,
      157.0
    ]
  ],
  "center_gt": [
    644.1082763671875,
    127.54476928710938
  ],
  "homography": [
    [
      0.36069522993675285,
      0.4538634507052723,
      167.83408287130675
    ],
    [
      -0.09488995383405621,
      0.8087363103215116,
      48.325781862475495
    ],
    [
      -0.0005890477384327924,
      0.0007089313201365107,
      1.0
    ]
  ]
}