{
  "u": 89.59457397460938,
  "v": 89.58154296875
}