{
  "u": 90.59130096435547,
  "v": 89.90586853027344
}