{
  "u": 90.6157455444336,
  "v": 90.2028579711914
}