{
  "pre_path": "data/real_human/subject_09/groin/view_02/pre.bmp",
  "intra_path": "data/real_human/subject_09/groin/view_02/intra.bmp",
  "center_pre": [
    664.0,
    159.0
  ],
  "markers_pre": [
    [
      656.0,
      129.0
    ],
    [
      692.0,
      144.0
    ],
    [
      674.0,
      192.0
    ],
    [
      636.0,
      177.0
    ]
  ],
  "markers_intra": [
    [
      654.0,
      131.0
    ],
    [
      692.0,
      146.0
    ],
    [
      674.0,
      191.0
    ],
    [
      635.0,
      177.0
    ]
  ],
  "center_gt": [
    663.157958984375,
    160.24029541015625
  ],
  "homography": [
    [
      1.2127234976792032,
      0.5653760537480512,
      -131.08211273445306
    ],
    [
      0.012972816300448076,
      1.2270949522565089,
      -19.100309819451223
    ],
    [
      3.4727825214408825e-05,
      0.0008119259202974696,
      1.0
    ]
  ]
}