{
  "u": 90.2122573852539,
  "v": 90.19786834716797
}