{
  "u": 90.62318420410156,
  "v": 90.74615478515625
}