{
  "u": 89.66523742675781,
  "v": 90.32433319091797
}