{
  "u": 89.83392333984375,
  "v": 89.60881805419922
}