{
  "pre_path": "data/real_human/subject_02/groin/view_04/pre.bmp",
  "intra_path": "data/real_human/subject_02/groin/view_04/intra.bmp",
  "center_pre": [
    756.0,
    313.0
  ],
  "markers_pre": [
    [
      720.0,
      271.0
    ],
    [
      784.0,
      278.0
    ],
    [
      792.0,
      346.0
    ],
    [
      728.0,
      351.0
    ]
  ],
  "markers_intra": [
    [
      721.0,
      272.0
    ],
    [
      785.0,
      278.0
    ],
    [
      791.0,
      346.0
    ],
    [
      730.0,
      349.0
    ]
  ],
  "center_gt": [
    756.231201171875,
    313.68389892578125
  ],
  "homography": [
    [
      0.4096612741620528,
      0.4861322029870595,
      155.90960081958224
    ],
    [
      -0.156084606526266,
      1.0018969555149029,
      60.6577603416197
    ],
    [
      -0.0005107144214471094,
      0.0006485949490374525,
      1.0
    ]
  ]
}