{
  "u": 89.60476684570312,
  "v": 90.32056427001953
}