{
  "pre_path": "data/real_human/subject_04/neck/view_01/pre.bmp",
  "intra_path": "data/real_human/subject_04/neck/view_01/intra.bmp",
  "center_pre": [
    789.0,
    328.0
  ],
  "markers_pre": [
    [
      750.0,
      320.0
    ],
    [
      802.0,
      288.0
    ],
    [
      831.0,
      330.0
    ],
    [
      779.0,
      355.0
    ]
  ],
  "markers_intra": [
    [
      749.0,
      321.0
    ],
    [
      801.0,
      288.0
    ],
    [
      831.0,
      330.0
    ],
    [
      780.0,
      356.0
    ]
  ],
  "center_gt": [
    789.19140625,
    328.6159973144531
  ],
  "homography": [
    [
      1.8890544487617806,
      0.21838814520835204,
      -399.3105845096356
    ],
    [
      0.1462344918295796,
      1.5577740930832338,
      -142.15023928951692
    ],
    [
      0.0005105500488626484,
      0.0002151325458101632,
      1.0
    ]
  ]
}