{
  "u": 90.56031799316406,
  "v": 90.15968322753906
}