{
  "u": 89.8903579711914,
  "v": 89.7103271484375
}