{
  "u": 90.9577865600586,
  "v": 89.83338165283203
}