{
  "pre_path": "data/real_human/subject_02/groin/view_01/pre.bmp",
  "intra_path": "data/real_human/subject_02/groin/view_01/intra.bmp",
  "center_pre": [
    586.0,
    398.0
  ],
  "markers_pre": [
    [
      545.0,
      381.0
    ],
    [
      605.0,
      356.0
    ],
    [
      628.0,
      414.0
    ],
    [
      572.0,
      446.0
    ]
  ],
  "markers_intra": [
    [
      548.0,
      380.0
    ],
    [
      602.0,
      356.0
    ],
    [
      629.0,
      414.0
    ],
    [
      572.0,
      444.0
    ]
  ],
  "center_gt": [
    584.8179321289062,
    396.1305236816406
  ],
  "homography": [
    [
      0.03245134025999012,
      -0.24534575358212043,
      334.7638862174698
    ],
    [
      -0.2544200450473993,
      0.25556681403007675,
      220.8678792208169
    ],
    [
      -0.0006638949546729606,
      -0.0004346418294777343,
      1.0
    ]
  ]
}