{
  "u": 90.15862274169922,
  "v": 90.7615737915039
}