{
  "pre_path": "data/real_human/subject_05/neck/view_05/pre.bmp",
  "intra_path": "data/real_human/subject_05/neck/view_05/intra.bmp",
  "center_pre": [
    592.0,
    347.0
  ],
  "markers_pre": [
    [
      562.0,
      320.0
    ],
    [
      616.0,
      313.0
    ],
    [
      616.0,
      371.0
    ],
    [
      572.0,
      378.0
    ]
  ],
  "markers_intra": [
    [
      564.0,
      319.0
    ],
    [
      620.0,
      310.0
    ],
    [
      616.0,
      372.0
    ],
    [
      574.0,
      377.0
    ]
  ],
  "center_gt": [
    593.2991943359375,
    347.4602966308594
  ],
  "homography": [
    [
      0.41380604549532807,
      0.8972470011053401,
      27.40438390579555
    ],
    [
      -0.31487861552974206,
      1.5506164165240073,
      -9.804101567248628
    ],
    [
      -0.0009406389518427205,
      0.0015582605779895947,
      1.0
    ]
  ]
}