{
  "u": 89.60865020751953,
  "v": 89.85013580322266
}