{
  "pre_path": "data/real_human/subject_08/neck/view_01/pre.bmp",
  "intra_path": "data/real_human/subject_08/neck/view_01/intra.bmp",
  "center_pre": [
    641.0,
    392.0
  ],
  "markers_pre": [
    [
      608.0,
      372.0
    ],
    [
      659.0,
      365.0
    ],
    [
      676.0,
      403.0
    ],
    [
      624.0,
      419.0
    ]
  ],
  "markers_intra": [
    [
      608.0,
      372.0
    ],
    [
      658.0,
      365.0
    ],
    [
      674.0,
      406.0
    ],
    [
      628.0,
      421.0
    ]
  ],
  "center_gt": [
    641.742431640625,
    394.4674072265625
  ],
  "homography": [
    [
      -36.25965369484017,
      -45.95577566302233,
      20617.00996634056
    ],
    [
      -4.19843173775688,
      -60.72644855082783,
      13808.872551613542
    ],
    [
      -0.009584468572724603,
      -0.06892585878386255,
      1.0
    ]
  ]
}