{
  "u": 89.72920227050781,
  "v": 90.24182891845703
}