{
  "pre_path": "data/real_human/subject_02/groin/view_05/pre.bmp",
  "intra_path": "data/real_human/subject_02/groin/view_05/intra.bmp",
  "center_pre": [
    695.0,
    295.0
  ],
  "markers_pre": [
    [
      662.0,
      252.0
    ],
    [
      720.0,
      260.0
    ],
    [
      724.0,
      322.0
    ],
    [
      668.0,
      327.0
    ]
  ],
  "markers_intra": [
    [
      661.0,
      254.0
    ],
    [
      721.0,
      262.0
    ],
    [
      724.0,
      323.0
    ],
    [
      669.0,
      327.0
    ]
  ],
  "center_gt": [
    695.1763305664062,
    297.0059509277344
  ],
  "homography": [
    [
      0.8966884884339733,
      0.5784485396385188,
      -51.42783793402868
    ],
    [
      -0.06969656377174956,
      1.2821314531846892,
      -12.602419679842018
    ],
    [
      -0.0002529052794643163,
      0.0008261638894695551,
      1.0
    ]
  ]
}