{
  "pre_path": "data/real_human/subject_08/neck/view_04/pre.bmp",
  "intra_path": "data/real_human/subject_08/neck/view_04/intra.bmp",
  "center_pre": [
    648.0,
    202.0
  ],
  "markers_pre": [
    [
      625.0,
      172.0
    ],
    [
      675.0,
      182.0
    ],
    [
      672.0,
      234.0
    ],
    [
      616.0,
      220.0
    ]
  ],
  "markers_intra": [
    [
      622.0,
      172.0
    ],
    [
      672.0,
      183.0
    ],
    [
      671.0,
      236.0
    ],
    [
      615.0,
      219.0
    ]
  ],
  "center_gt": [
    645.5247802734375,
    202.40097045898438
  ],
  "homography": [
    [
      0.4020090007417534,
      -0.016355137945949876,
      192.35435325340032
    ],
    [
      -0.06564235683237704,
      0.6857413750577703,
      44.97134547867595
    ],
    [
      -0.00044818906359806604,
      -6.514625117736294e-05,
      1.0
    ]
  ]
}