{
  "u": 90.16229248046875,
  "v": 89.50740051269531
}