{
  "u": 89.71723937988281,
  "v": 89.93475341796875
}