{
  "u": 89.75817108154297,
  "v": 89.72920227050781
}