{
  "u": 90.3068618774414,
  "v": 89.59268188476562
}