{
  "u": 89.65924835205078,
  "v": 90.12899017333984
}