{
  "u": 90.13217163085938,
  "v": 90.63463592529297
}