{
  "u": 90.37713623046875,
  "v": 90.4649658203125
}