{
  "u": 89.51943969726562,
  "v": 90.5155029296875
}