{
  "u": 90.16606140136719,
  "v": 90.39115142822266
}