{
  "u": 90.06861114501953,
  "v": 90.39441680908203
}