{
  "u": 90.09321594238281,
  "v": 89.59605407714844
}