{
  "pre_path": "data/real_human/subject_02/neck/view_03/pre.bmp",
  "intra_path": "data/real_human/subject_02/neck/view_03/intra.bmp",
  "center_pre": [
    718.0,
    346.0
  ],
  "markers_pre": [
    [
      670.0,
      336.0
    ],
    [
      735.0,
      296.0
    ],
    [
      769.0,
      358.0
    ],
    [
      709.0,
      386.0
    ]
  ],
  "markers_intra": [
    [
      668.0,
      333.0
    ],
    [
      732.0,
      295.0
    ],
    [
      769.0,
      358.0
    ],
    [
      709.0,
      388.0
    ]
  ],
  "center_gt": [
    717.1657104492188,
    344.47576904296875
  ],
  "homography": [
    [
      1.1002722518632868,
      -0.5828132394532547,
      54.9819382653946
    ],
    [
      0.10969126438776118,
      0.646543590118723,
      6.545032657627308
    ],
    [
      0.0002675160972240559,
      -0.0008527160229366948,
      1.0
    ]
  ]
}