{
  "u": 89.84154510498047,
  "v": 90.6867446899414
}