{
  "u": 90.31383514404297,
  "v": 90.08941650390625
}