{
  "u": 89.7225112915039,
  "v": 90.0848617553711
}