{
  "u": 90.42179870605469,
  "v": 90.05175018310547
}