{
  "u": 90.10306549072266,
  "v": 90.33696746826172
}