{
  "u": 90.33944702148438,
  "v": 90.2557373046875
}