{
  "u": 90.26599884033203,
  "v": 89.88704681396484
}