{
  "pre_path": "data/real_human/subject_03/groin/view_01/pre.bmp",
  "intra_path": "data/real_human/subject_03/groin/view_01/intra.bmp",
  "center_pre": [
    628.0,
    505.0
  ],
  "markers_pre": [
    [
      580.0,
      496.0
    ],
    [
      641.0,
      461.0
    ],
    [
      676.0,
      509.0
    ],
    [
      610.0,
      556.0
    ]
  ],
  "markers_intra": [
    [
      581.0,
      497.0
    ],
    [
      642.0,
      462.0
    ],
    [
      675.0,
      507.0
    ],
    [
      614.0,
      553.0
    ]
  ],
  "center_gt": [
    630.2020263671875,
    504.6048278808594
  ],
  "homography": [
    [
      8.199150767156228,
      1.8680780777481332,
      -2709.583621329912
    ],
    [
      2.2389957542043266,
      6.496029473818915,
      -1977.915276175005
    ],
    [
      0.0047243877709547905,
      0.0027742294956118077,
      1.0
    ]
  ]
}