{
  "u": 90.38426208496094,
  "v": 89.90351104736328
}