{
  "u": 90.40542602539062,
  "v": 90.41842651367188
}