{
  "u": 89.16139221191406,
  "v": 89.67884063720703
}