{
  "pre_path": "data/real_human/subject_06/neck/view_05/pre.bmp",
  "intra_path": "data/real_human/subject_06/neck/view_05/intra.bmp",
  "center_pre": [
    580.0,
    220.0
  ],
  "markers_pre": [
    [
      540.0,
      196.0
    ],
    [
      592.0,
      188.0
    ],
    [
      616.0,
      241.0
    ],
    [
      556.0,
      259.0
    ]
  ],
  "markers_intra": [
    [
      540.0,
      197.0
    ],
    [
      592.0,
      187.0
    ],
    [
      616.0,
      241.0
    ],
    [
      556.0,
      261.0
    ]
  ],
  "center_gt": [
    579.9033203125,
    220.42697143554688
  ],
  "homography": [
    [
      0.8855139865736715,
      0.05044528847232273,
      27.433313121843522
    ],
    [
      -0.054175467114186436,
      0.9989786058675044,
      21.516304853118026
    ],
    [
      -0.00011621092608217494,
      8.867392722754694e-05,
      1.0
    ]
  ]
}