{
  "u": 89.52044677734375,
  "v": 89.60794830322266
}