{
  "u": 89.11309814453125,
  "v": 90.14122009277344
}