{
  "u": 90.30570220947266,
  "v": 90.04987335205078
}