{
  "u": 90.17388153076172,
  "v": 89.76919555664062
}