{
  "u": 90.5155029296875,
  "v": 90.48056030273438
}