{
  "u": 89.6056137084961,
  "v": 90.06861114501953
}