{
  "u": 90.26399993896484,
  "v": 90.32546997070312
}