{
  "u": 90.27567291259766,
  "v": 90.28453826904297
}