{
  "u": 90.69886016845703,
  "v": 90.26760864257812
}