{
  "u": 90.29361724853516,
  "v": 90.32881927490234
}