{
  "u": 90.1135025024414,
  "v": 90.45210266113281
}