{
  "u": 89.91058349609375,
  "v": 90.31383514404297
}