{
  "pre_path": "data/real_human/subject_07/neck/view_02/pre.bmp",
  "intra_path": "data/real_human/subject_07/neck/view_02/intra.bmp",
  "center_pre": [
    762.0,
    231.0
  ],
  "markers_pre": [
    [
      721.0,
      209.0
    ],
    [
      768.0,
      194.0
    ],
    [
      796.0,
      244.0
    ],
    [
      750.0,
      267.0
    ]
  ],
  "markers_intra": [
    [
      725.0,
      210.0
    ],
    [
      766.0,
      196.0
    ],
    [
      796.0,
      245.0
    ],
    [
      751.0,
      267.0
    ]
  ],
  "center_gt": [
    761.59814453125,
    230.80116271972656
  ],
  "homography": [
    [
      0.026295036402919504,
      -0.42451300247356916,
      427.95360077841053
    ],
    [
      -0.1146067160976148,
      0.31784880481213285,
      119.95236892363391
    ],
    [
      -0.0005350041283541594,
      -0.0005751583071977065,
      1.0
    ]
  ]
}