{
  "u": 90.19929504394531,
  "v": 90.46940612792969
}