{
  "u": 89.62096405029297,
  "v": 89.6466293334961
}