{
  "u": 89.73600006103516,
  "v": 89.67453002929688
}