{
  "u": 89.53839111328125,
  "v": 89.65223693847656
}