{
  "u": 90.45635223388672,
  "v": 90.16730499267578
}