{
  "u": 90.39131927490234,
  "v": 90.14985656738281
}