{
  "pre_path": "data/real_human/subject_05/neck/view_04/pre.bmp",
  "intra_path": "data/real_human/subject_05/neck/view_04/intra.bmp",
  "center_pre": [
    592.0,
    228.0
  ],
  "markers_pre": [
    [
      556.0,
      202.0
    ],
    [
      624.0,
      198.0
    ],
    [
      622.0,
      262.0
    ],
    [
      568.0,
      265.0
    ]
  ],
  "markers_intra": [
    [
      555.0,
      202.0
    ],
    [
      626.0,
      197.0
    ],
    [
      621.0,
      264.0
    ],
    [
      565.0,
      268.0
    ]
  ],
  "center_gt": [
    591.461181640625,
    228.92758178710938
  ],
  "homography": [
    [
      1.1566091192335044,
      0.015449518614439479,
      -55.65740413554504
    ],
    [
      0.0032371159390130098,
      1.1457992341041539,
      -18.31670531596479
    ],
    [
      7.753831920105503e-05,
      0.00010357055016803739,
      1.0
    ]
  ]
}