{
  "u": 90.49259948730469,
  "v": 90.16229248046875
}