{
  "pre_path": "data/real_human/subject_01/neck/view_05/pre.bmp",
  "intra_path": "data/real_human/subject_01/neck/view_05/intra.bmp",
  "center_pre": [
    512.0,
    428.0
  ],
  "markers_pre": [
    [
      502.0,
      396.0
    ],
    [
      545.0,
      408.0
    ],
    [
      532.0,
      452.0
    ],
    [
      490.0,
      439.0
    ]
  ],
  "markers_intra": [
    [
      504.0,
      397.0
    ],
    [
      544.0,
      406.0
    ],
    [
      532.0,
      449.0
    ],
    [
      485.0,
      437.0
    ]
  ],
  "center_gt": [
    511.15234375,
    424.5558166503906
  ],
  "homography": [
    [
      0.772283036405826,
      -1.0058725548803957,
      273.5185986997994
    ],
    [
      0.21124305667346646,
      -0.3487069033310748,
      239.11340943455372
    ],
    [
      0.0005398608510459769,
      -0.0018924861860597708,
      1.0
    ]
  ]
}