{
  "u": 89.88648223876953,
  "v": 89.54789733886719
}