{
  "u": 89.84137725830078,
  "v": 89.23836517333984
}