{
  "u": 90.30322265625,
  "v": 90.28270721435547
}