{
  "u": 90.1432113647461,
  "v": 89.80992889404297
}