{
  "pre_path": "data/real_human/subject_06/neck/view_01/pre.bmp",
  "intra_path": "data/real_human/subject_06/neck/view_01/intra.bmp",
  "center_pre": [
    728.0,
    379.0
  ],
  "markers_pre": [
    [
      686.0,
      363.0
    ],
    [
      738.0,
      341.0
    ],
    [
      760.0,
      382.0
    ],
    [
      708.0,
      404.0
    ]
  ],
  "markers_intra": [
    [
      688.0,
      363.0
    ],
    [
      736.0,
      342.0
    ],
    [
      761.0,
      382.0
    ],
    [
      709.0,
      406.0
    ]
  ],
  "center_gt": [
    728.4681396484375,
    378.8354187011719
  ],
  "homography": [
    [
      0.3378631494034101,
      -0.6919874994196582,
      369.32662263800455
    ],
    [
      -0.07471185988207377,
      0.1318741585031805,
      187.9998491109148
    ],
    [
      -0.00019659106736617135,
      -0.000982229908538002,
      1.0
    ]
  ]
}