{
  "u": 89.0422134399414,
  "v": 90.16661834716797
}