{
  "u": 89.60881805419922,
  "v": 90.16606140136719
}