{
  "u": 90.22587585449219,
  "v": 90.53199768066406
}