{
  "u": 89.70474243164062,
  "v": 90.80536651611328
}