{
  "u": 90.56340026855469,
  "v": 89.90198516845703
}