{
  "u": 90.4494857788086,
  "v": 90.0733413696289
}