{
  "u": 90.53199768066406,
  "v": 89.77409362792969
}