{
  "pre_path": "data/real_human/subject_04/neck/view_02/pre.bmp",
  "intra_path": "data/real_human/subject_04/neck/view_02/intra.bmp",
  "center_pre": [
    940.0,
    432.0
  ],
  "markers_pre": [
    [
      890.0,
      415.0
    ],
    [
      940.0,
      396.0
    ],
    [
      985.0,
      442.0
    ],
    [
      936.0,
      471.0
    ]
  ],
  "markers_intra": [
    [
      889.0,
      417.0
    ],
    [
      940.0,
      398.0
    ],
    [
      985.0,
      443.0
    ],
    [
      934.0,
      470.0
    ]
  ],
  "center_gt": [
    939.0150146484375,
    433.25262451171875
  ],
  "homography": [
    [
      0.6422775250668741,
      0.39908373319328194,
      78.72426910895959
    ],
    [
      -0.13046259167826413,
      1.0710094330298452,
      54.387351553612966
    ],
    [
      -0.00030262425384845634,
      0.00045105601686239226,
      1.0
    ]
  ]
}