{
  "u": 90.24603271484375,
  "v": 89.32889556884766
}