{
  "u": 89.84031677246094,
  "v": 90.56031799316406
}