{
  "u": 89.2611312866211,
  "v": 89.7565689086914
}