{
  "u": 90.20612335205078,
  "v": 90.67393493652344
}