{
  "u": 89.93412017822266,
  "v": 89.58614349365234
}