{
  "u": 89.55168151855469,
  "v": 89.87224578857422
}