{
  "u": 89.4309310913086,
  "v": 90.55139923095703
}