{
  "u": 89.95893859863281,
  "v": 90.2517318725586
}