{
  "u": 90.31295776367188,
  "v": 89.86714935302734
}