{
  "u": 89.77409362792969,
  "v": 89.46800231933594
}