{
  "u": 90.95040130615234,
  "v": 90.36398315429688
}