{
  "u": 89.88639068603516,
  "v": 90.3448486328125
}