{
  "u": 90.55909729003906,
  "v": 90.21410369873047
}