{
  "u": 90.42597961425781,
  "v": 89.8387680053711
}