{
  "u": 90.80536651611328,
  "v": 90.2952651977539
}