{
  "u": 90.39643859863281,
  "v": 89.87874603271484
}