{
  "pre_path": "data/real_human/subject_06/groin/view_03/pre.bmp",
  "intra_path": "data/real_human/subject_06/groin/view_03/intra.bmp",
  "center_pre": [
    661.0,
    184.0
  ],
  "markers_pre": [
    [
      639.0,
      174.0
    ],
    [
      685.0,
      171.0
    ],
    [
      689.0,
      197.0
    ],
    [
      641.0,
      205.0
    ]
  ],
  "markers_intra": [
    [
      638.0,
      172.0
    ],
    [
      686.0,
      172.0
    ],
    [
      690.0,
      198.0
    ],
    [
      646.0,
      202.0
    ]
  ],
  "center_gt": [
    662.2064208984375,
    183.99034118652344
  ],
  "homography": [
    [
      8.04809170718086,
      22.186280987076064,
      -4440.87193048099
    ],
    [
      0.6581628060420732,
      13.400583661203774,
      -1522.3135012524788
    ],
    [
      0.0008477980083274003,
      0.03223651113868666,
      1.0
    ]
  ]
}