{
  "u": 90.08330535888672,
  "v": 90.47889709472656
}