{
  "u": 90.2045669555664,
  "v": 89.72847747802734
}