{
  "u": 89.4922103881836,
  "v": 90.10575866699219
}