{
  "u": 89.64456939697266,
  "v": 90.07402038574219
}