{
  "u": 89.43429565429688,
  "v": 89.30255126953125
}