{
  "u": 89.92961883544922,
  "v": 90.5737075805664
}