{
  "u": 89.9070053100586,
  "v": 89.78094482421875
}