{
  "u": 89.5505142211914,
  "v": 89.9266586303711
}