{
  "u": 89.29573822021484,
  "v": 90.12246704101562
}