{
  "u": 90.07038879394531,
  "v": 89.42635345458984
}