{
  "u": 90.24028015136719,
  "v": 89.74224853515625
}