{
  "pre_path": "data/real_human/subject_02/neck/view_05/pre.bmp",
  "intra_path": "data/real_human/subject_02/neck/view_05/intra.bmp",
  "center_pre": [
    536.0,
    338.0
  ],
  "markers_pre": [
    [
      509.0,
      303.0
    ],
    [
      580.0,
      307.0
    ],
    [
      565.0,
      373.0
    ],
    [
      502.0,
      373.0
    ]
  ],
  "markers_intra": [
    [
      510.0,
      304.0
    ],
    [
      576.0,
      308.0
    ],
    [
      565.0,
      375.0
    ],
    [
      501.0,
      375.0
    ]
  ],
  "center_gt": [
    535.3270263671875,
    337.9440002441406
  ],
  "homography": [
    [
      0.7122584974249355,
      -0.4890637559915601,
      164.11821662113783
    ],
    [
      0.016169474540859045,
      0.40635776943520086,
      94.24201570900576
    ],
    [
      4.311859877562417e-05,
      -0.0009235856035150265,
      1.0
    ]
  ]
}