{
  "u": 89.65518188476562,
  "v": 89.88639068603516
}