{
  "u": 89.93138885498047,
  "v": 89.6056137084961
}