{
  "u": 90.40731811523438,
  "v": 90.3068618774414
}