{
  "u": 90.38105010986328,
  "v": 90.10858917236328
}