{
  "u": 89.88349151611328,
  "v": 90.50492095947266
}