{
  "u": 89.40876007080078,
  "v": 90.09413146972656
}