{
  "u": 90.36398315429688,
  "v": 89.04959869384766
}