{
  "u": 90.04106140136719,
  "v": 89.74829864501953
}