{
  "u": 90.43180847167969,
  "v": 90.4835433959961
}