{
  "u": 90.15846252441406,
  "v": 89.31331634521484
}