{
  "u": 89.7565689086914,
  "v": 90.73892974853516
}