{
  "u": 89.91669464111328,
  "v": 89.52110290527344
}