{
  "u": 89.49507904052734,
  "v": 89.88349151611328
}