{
  "u": 90.49554443359375,
  "v": 89.84844970703125
}