{
  "u": 90.47889709472656,
  "v": 89.91669464111328
}