{
  "u": 90.83747100830078,
  "v": 90.27590942382812
}