{
  "u": 89.90586853027344,
  "v": 89.40876007080078
}