{
  "u": 89.4630126953125,
  "v": 89.80316925048828
}