{
  "u": 90.4835433959961,
  "v": 89.56819152832031
}