{
  "u": 89.70635223388672,
  "v": 89.67118072509766
}