{
  "u": 89.90678405761719,
  "v": 90.40397644042969
}