{
  "pre_path": "data/real_human/subject_01/groin/view_02/pre.bmp",
  "intra_path": "data/real_human/subject_01/groin/view_02/intra.bmp",
  "center_pre": [
    631.0,
    197.0
  ],
  "markers_pre": [
    [
      590.0,
      181.0
    ],
    [
      649.0,
      171.0
    ],
    [
      672.0,
      223.0
    ],
    [
      614.0,
      231.0
    ]
  ],
  "markers_intra": [
    [
      590.0,
      179.0
    ],
    [
      648.0,
      169.0
    ],
    [
      671.0,
      223.0
    ],
    [
      615.0,
      230.0
    ]
  ],
  "center_gt": [
    630.6045532226562,
    195.98690795898438
  ],
  "homography": [
    [
      0.8865278037173763,
      0.3775389885693571,
      2.5562643840060995
    ],
    [
      -0.019571359781346356,
      1.1483043199396519,
      -16.099948509289725
    ],
    [
      -0.00016205261688500953,
      0.0005651534923305885,
      1.0
    ]
  ]
}