{
  "u": 89.60359191894531,
  "v": 90.1212387084961
}