{
  "u": 89.31331634521484,
  "v": 89.84154510498047
}