{
  "u": 89.39407348632812,
  "v": 89.86016082763672
}