{
  "u": 90.16120147705078,
  "v": 90.42597961425781
}