{
  "u": 90.09648895263672,
  "v": 90.38426208496094
}