{
  "u": 89.86782836914062,
  "v": 89.36536407470703
}