{
  "u": 90.39523315429688,
  "v": 89.67943572998047
}