{
  "u": 89.65453338623047,
  "v": 89.6131591796875
}