{
  "u": 89.45011138916016,
  "v": 89.34162902832031
}