{
  "u": 90.08991241455078,
  "v": 90.43158721923828
}