{
  "u": 89.6931381225586,
  "v": 90.40731811523438
}