{
  "u": 89.89422607421875,
  "v": 89.4922103881836
}