{
  "u": 90.5077896118164,
  "v": 89.89422607421875
}