{
  "u": 90.40397644042969,
  "v": 90.09321594238281
}