{
  "u": 89.90198516845703,
  "v": 89.43659973144531
}