{
  "u": 89.32606506347656,
  "v": 90.20612335205078
}