{
  "u": 90.39441680908203,
  "v": 89.93138885498047
}