{
  "u": 89.86016082763672,
  "v": 90.60592651367188
}