{
  "u": 89.65665435791016,
  "v": 89.92076873779297
}