{
  "u": 90.86316680908203,
  "v": 89.82020568847656
}