{
  "u": 89.87224578857422,
  "v": 90.44831848144531
}