{
  "u": 89.71791076660156,
  "v": 89.76937866210938
}