{
  "u": 89.54522705078125,
  "v": 89.57596588134766
}