{
  "u": 90.31649017333984,
  "v": 89.9205551147461
}