{
  "u": 89.90970611572266,
  "v": 89.76145935058594
}