{
  "u": 89.82020568847656,
  "v": 89.13683319091797
}