{
  "u": 89.80316925048828,
  "v": 90.5369873046875
}