{
  "pre_path": "data/real_human/subject_05/neck/view_02/pre.bmp",
  "intra_path": "data/real_human/subject_05/neck/view_02/intra.bmp",
  "center_pre": [
    931.0,
    389.0
  ],
  "markers_pre": [
    [
      878.0,
      370.0
    ],
    [
      959.0,
      359.0
    ],
    [
      992.0,
      404.0
    ],
    [
      924.0,
      436.0
    ]
  ],
  "markers_intra": [
    [
      880.0,
      371.0
    ],
    [
      958.0,
      361.0
    ],
    [
      996.0,
      401.0
    ],
    [
      924.0,
      435.0
    ]
  ],
  "center_gt": [
    931.4265747070312,
    387.2008361816406
  ],
  "homography": [
    [
      0.44745429550339777,
      -0.9939002829663415,
      446.7709408547613
    ],
    [
      -0.033945499167012234,
      0.05426056648452163,
      208.67341426369615
    ],
    [
      -7.659019279083947e-05,
      -0.0010716543176685737,
      1.0
    ]
  ]
}