{
  "u": 89.89694213867188,
  "v": 89.66303253173828
}