{
  "u": 89.9205551147461,
  "v": 89.68350982666016
}