{
  "u": 90.34078216552734,
  "v": 89.8709945678711
}