{
  "u": 90.10575866699219,
  "v": 90.5077896118164
}