{
  "u": 89.69432830810547,
  "v": 89.95012664794922
}