{
  "u": 90.13778686523438,
  "v": 89.62413024902344
}