{
  "pre_path": "data/real_human/subject_09/neck/view_02/pre.bmp",
  "intra_path": "data/real_human/subject_09/neck/view_02/intra.bmp",
  "center_pre": [
    734.0,
    219.0
  ],
  "markers_pre": [
    [
      701.0,
      201.0
    ],
    [
      742.0,
      189.0
    ],
    [
      771.0,
      225.0
    ],
    [
      735.0,
      255.0
    ]
  ],
  "markers_intra": [
    [
      700.0,
      201.0
    ],
    [
      742.0,
      190.0
    ],
    [
      772.0,
      225.0
    ],
    [
      731.0,
      254.0
    ]
  ],
  "center_gt": [
    732.0667114257812,
    218.21730041503906
  ],
  "homography": [
    [
      0.20648735463287918,
      -0.36145880576857303,
      323.4114338348478
    ],
    [
      -0.09630276327994979,
      0.4220552172734243,
      96.24181802168025
    ],
    [
      -0.000491195115059399,
      -0.0004510640196683721,
      1.0
    ]
  ]
}