{
  "u": 90.27590942382812,
  "v": 89.16252899169922
}