{
  "u": 89.13683319091797,
  "v": 90.17982482910156
}