{
  "pre_path": "data/real_human/subject_04/groin/view_03/pre.bmp",
  "intra_path": "data/real_human/subject_04/groin/view_03/intra.bmp",
  "center_pre": [
    668.0,
    386.0
  ],
  "markers_pre": [
    [
      640.0,
      357.0
    ],
    [
      694.0,
      357.0
    ],
    [
      700.0,
      417.0
    ],
    [
      640.0,
      425.0
    ]
  ],
  "markers_intra": [
    [
      640.0,
      356.0
    ],
    [
      696.0,
      358.0
    ],
    [
      701.0,
      416.0
    ],
    [
      639.0,
      425.0
    ]
  ],
  "center_gt": [
    669.2637939453125,
    385.7888488769531
  ],
  "homography": [
    [
      3.9496837384164296,
      -0.005832564482567808,
      -1002.9670629098472
    ],
    [
      0.8505527076656988,
      2.4336762546587463,
      -566.147411632227
    ],
    [
      0.0021296946908472484,
      4.56291963644889e-05,
      1.0
    ]
  ]
}