{
  "pre_path": "data/real_human/subject_03/groin/view_02/pre.bmp",
  "intra_path": "data/real_human/subject_03/groin/view_02/intra.bmp",
  "center_pre": [
    621.0,
    191.0
  ],
  "markers_pre": [
    [
      594.0,
      158.0
    ],
    [
      654.0,
      157.0
    ],
    [
      648.0,
      219.0
    ],
    [
      585.0,
      217.0
    ]
  ],
  "markers_intra": [
    [
      595.0,
      158.0
    ],
    [
      655.0,
      158.0
    ],
    [
      649.0,
      218.0
    ],
    [
      586.0,
      217.0
    ]
  ],
  "center_gt": [
    622.4988403320312,
    191.0091094970703
  ],
  "homography": [
    [
      2.062669235408288,
      0.12928497236408906,
      -339.7749144479451
    ],
    [
      0.15584488813074324,
      1.563617760073953,
      -99.07108871889145
    ],
    [
      0.0008248519904040577,
      0.00020583127379638467,
      0.9999999999999999
    ]
  ]
}