{
  "u": 90.23434448242188,
  "v": 89.77295684814453
}