{
  "u": 89.93475341796875,
  "v": 90.28276062011719
}