{
  "u": 90.33696746826172,
  "v": 89.89694213867188
}