{
  "u": 89.48181915283203,
  "v": 89.41972351074219
}