{
  "u": 90.69744873046875,
  "v": 89.43429565429688
}