{
  "u": 89.56819152832031,
  "v": 89.51642608642578
}