{
  "u": 89.9119873046875,
  "v": 90.53936767578125
}