{
  "u": 89.52479553222656,
  "v": 89.8180160522461
}