{
  "u": 90.33747863769531,
  "v": 90.0414047241211
}