{
  "u": 90.17982482910156,
  "v": 90.86316680908203
}