{
  "u": 90.56510925292969,
  "v": 89.85814666748047
}