{
  "u": 90.09027862548828,
  "v": 90.238525390625
}