{
  "u": 89.67566680908203,
  "v": 89.66523742675781
}