{
  "u": 90.42403411865234,
  "v": 89.54522705078125
}