{
  "pre_path": "data/real_human/subject_03/groin/view_03/pre.bmp",
  "intra_path": "data/real_human/subject_03/groin/view_03/intra.bmp",
  "center_pre": [
    666.0,
    364.0
  ],
  "markers_pre": [
    [
      640.0,
      337.0
    ],
    [
      694.0,
      334.0
    ],
    [
      695.0,
      390.0
    ],
    [
      630.0,
      389.0
    ]
  ],
  "markers_intra": [
    [
      639.0,
      338.0
    ],
    [
      696.0,
      336.0
    ],
    [
      694.0,
      387.0
    ],
    [
      630.0,
      388.0
    ]
  ],
  "center_gt": [
    666.74072265625,
    364.5491638183594
  ],
  "homography": [
    [
      -10.534506071355679,
      -6.063139351228299,
      4954.7608136006365
    ],
    [
      -2.1632001463120054,
      -9.305557008273961,
      2494.218693847953
    ],
    [
      -0.006072661067365229,
      -0.009223079288954128,
      1.0
    ]
  ]
}