{
  "pre_path": "data/real_human/subject_09/neck/view_01/pre.bmp",
  "intra_path": "data/real_human/subject_09/neck/view_01/intra.bmp",
  "center_pre": [
    732.0,
    369.0
  ],
  "markers_pre": [
    [
      698.0,
      361.0
    ],
    [
      741.0,
      335.0
    ],
    [
      770.0,
      372.0
    ],
    [
      730.0,
      399.0
    ]
  ],
  "markers_intra": [
    [
      699.0,
      363.0
    ],
    [
      742.0,
      336.0
    ],
    [
      769.0,
      372.0
    ],
    [
      730.0,
      401.0
    ]
  ],
  "center_gt": [
    732.6275024414062,
    370.1725158691406
  ],
  "homography": [
    [
      1.923743541752323,
      -0.3812126523989808,
      -250.40517529193775
    ],
    [
      0.24290427029208556,
      1.229724958501653,
      -117.66348738016833
    ],
    [
      0.0007723513220649256,
      -0.00047983746231446486,
      1.0
    ]
  ]
}