{
  "u": 89.40532684326172,
  "v": 90.18190002441406
}