{
  "u": 90.19603729248047,
  "v": 89.76022338867188
}