{
  "u": 89.80211639404297,
  "v": 90.2122573852539
}