{
  "u": 89.76380157470703,
  "v": 89.97102355957031
}