{
  "u": 89.71544647216797,
  "v": 90.27567291259766
}