{
  "pre_path": "data/real_human/subject_08/neck/view_05/pre.bmp",
  "intra_path": "data/real_human/subject_08/neck/view_05/intra.bmp",
  "center_pre": [
    656.0,
    311.0
  ],
  "markers_pre": [
    [
      638.0,
      284.0
    ],
    [
      680.0,
      294.0
    ],
    [
      678.0,
      342.0
    ],
    [
      630.0,
      327.0
    ]
  ],
  "markers_intra": [
    [
      636.0,
      283.0
    ],
    [
      681.0,
      292.0
    ],
    [
      675.0,
      340.0
    ],
    [
      630.0,
      327.0
    ]
  ],
  "center_gt": [
    654.6743774414062,
    311.22503662109375
  ],
  "homography": [
    [
      0.3894194897320229,
      2.151621837355819,
      -134.8438845115196
    ],
    [
      -0.4279004731739746,
      2.2480124323232245,
      -42.98129061763396
    ],
    [
      -0.0012586692978706591,
      0.0033184630802382026,
      1.0
    ]
  ]
}