{
  "u": 90.47955322265625,
  "v": 90.39205169677734
}