{
  "u": 90.12775421142578,
  "v": 89.55168151855469
}