{
  "pre_path": "data/real_human/subject_05/groin/view_05/pre.bmp",
  "intra_path": "data/real_human/subject_05/groin/view_05/intra.bmp",
  "center_pre": [
    604.0,
    172.0
  ],
  "markers_pre": [
    [
      570.0,
      126.0
    ],
    [
      636.0,
      134.0
    ],
    [
      635.0,
      213.0
    ],
    [
      574.0,
      212.0
    ]
  ],
  "markers_intra": [
    [
      570.0,
      127.0
    ],
    [
      636.0,
      135.0
    ],
    [
      635.0,
      218.0
    ],
    [
      572.0,
      211.0
    ]
  ],
  "center_gt": [
    602.3131713867188,
    172.74392700195312
  ],
  "homography": [
    [
      0.19438517715281386,
      -0.12757538843996005,
      250.6222489394006
    ],
    [
      -0.08345901013708303,
      0.5467416243194767,
      55.62799326051453
    ],
    [
      -0.0006468490178115231,
      -0.00020177461904715267,
      1.0
    ]
  ]
}