{
  "u": 89.57596588134766,
  "v": 90.454833984375
}