{
  "u": 90.5690689086914,
  "v": 89.44860076904297
}