{
  "u": 89.58154296875,
  "v": 90.40542602539062
}