{
  "u": 89.68350982666016,
  "v": 90.07946014404297
}