{
  "u": 90.36656951904297,
  "v": 90.43892669677734
}