{
  "u": 90.21905517578125,
  "v": 89.9070053100586
}