{
  "u": 90.10858917236328,
  "v": 89.61894989013672
}