{
  "u": 89.78589630126953,
  "v": 90.55909729003906
}