{
  "u": 89.19463348388672,
  "v": 89.70474243164062
}