{
  "u": 90.2517318725586,
  "v": 90.04106140136719
}