{
  "u": 90.63463592529297,
  "v": 89.86782836914062
}