{
  "u": 89.93788146972656,
  "v": 90.50617980957031
}