{
  "u": 90.19746398925781,
  "v": 90.16145324707031
}