{
  "u": 90.83860778808594,
  "v": 90.3211669921875
}