{
  "u": 90.4649658203125,
  "v": 89.62286376953125
}