{
  "u": 90.37307739257812,
  "v": 89.68840789794922
}