{
  "u": 89.8387680053711,
  "v": 89.57405090332031
}