{
  "u": 90.34593963623047,
  "v": 89.57685852050781
}