{
  "u": 89.8083724975586,
  "v": 90.6723403930664
}