{
  "u": 89.6333999633789,
  "v": 89.56107330322266
}