{
  "u": 89.04959869384766,
  "v": 89.63601684570312
}