{
  "u": 89.7971420288086,
  "v": 90.6157455444336
}