{
  "u": 89.49744415283203,
  "v": 90.08000183105469
}