{
  "u": 89.80992889404297,
  "v": 89.85679626464844
}