{
  "u": 90.19786834716797,
  "v": 89.7877426147461
}