{
  "u": 90.46160888671875,
  "v": 90.34776306152344
}