{
  "u": 90.07923126220703,
  "v": 89.65665435791016
}