{
  "pre_path": "data/real_human/subject_03/neck/view_02/pre.bmp",
  "intra_path": "data/real_human/subject_03/neck/view_02/intra.bmp",
  "center_pre": [
    844.0,
    428.0
  ],
  "markers_pre": [
    [
      796.0,
      411.0
    ],
    [
      842.0,
      391.0
    ],
    [
      890.0,
      446.0
    ],
    [
      842.0,
      474.0
    ]
  ],
  "markers_intra": [
    [
      795.0,
      411.0
    ],
    [
      844.0,
      391.0
    ],
    [
      892.0,
      446.0
    ],
    [
      844.0,
      476.0
    ]
  ],
  "center_gt": [
    846.0614013671875,
    428.5338134765625
  ],
  "homography": [
    [
      3.6404498043792817,
      -0.36252499232924235,
      -1060.6070005688357
    ],
    [
      0.6822431336540935,
      2.055961884515334,
      -515.3018000710409
    ],
    [
      0.0016332301430785972,
      -0.0004295319814327513,
      1.0
    ]
  ]
}