{
  "u": 90.5737075805664,
  "v": 90.07038879394531
}