{
  "u": 90.67816162109375,
  "v": 89.82975006103516
}