{
  "u": 90.64112854003906,
  "v": 90.79046630859375
}