{
  "pre_path": "data/real_human/subject_01/groin/view_01/pre.bmp",
  "intra_path": "data/real_human/subject_01/groin/view_01/intra.bmp",
  "center_pre": [
    646.0,
    318.0
  ],
  "markers_pre": [
    [
      611.0,
      308.0
    ],
    [
      658.0,
      291.0
    ],
    [
      678.0,
      342.0
    ],
    [
      631.0,
      353.0
    ]
  ],
  "markers_intra": [
    [
      610.0,
      308.0
    ],
    [
      659.0,
      290.0
    ],
    [
      679.0,
      341.0
    ],
    [
      632.0,
      354.0
    ]
  ],
  "center_gt": [
    647.0186767578125,
    317.8184509277344
  ],
  "homography": [
    [
      3.700669105767591,
      0.46172757095805245,
      -966.1064328464527
    ],
    [
      0.5481709564869041,
      2.699514120305962,
      -440.7072942040482
    ],
    [
      0.0018790345334889446,
      0.000675322129316378,
      1.0
    ]
  ]
}