{
  "u": 90.37583923339844,
  "v": 90.13778686523438
}