{
  "pre_path": "data/real_human/subject_07/groin/view_02/pre.bmp",
  "intra_path": "data/real_human/subject_07/groin/view_02/intra.bmp",
  "center_pre": [
    614.0,
    271.0
  ],
  "markers_pre": [
    [
      600.0,
      247.0
    ],
    [
      642.0,
      252.0
    ],
    [
      629.0,
      297.0
    ],
    [
      590.0,
      290.0
    ]
  ],
  "markers_intra": [
    [
      599.0,
      245.0
    ],
    [
      640.0,
      252.0
    ],
    [
      630.0,
      297.0
    ],
    [
      589.0,
      290.0
    ]
  ],
  "center_gt": [
    613.9190063476562,
    269.89154052734375
  ],
  "homography": [
    [
      5.317467338542102,
      -1.543460285278084,
      -1137.7339965639856
    ],
    [
      1.159058362265543,
      2.1405618511121665,
      -540.4803881668203
    ],
    [
      0.0040827972251154315,
      -0.002668723220271959,
      1.0
    ]
  ]
}