{
  "u": 90.31159210205078,
  "v": 90.37307739257812
}