{
  "pre_path": "data/real_human/subject_05/groin/view_04/pre.bmp",
  "intra_path": "data/real_human/subject_05/groin/view_04/intra.bmp",
  "center_pre": [
    605.0,
    292.0
  ],
  "markers_pre": [
    [
      571.0,
      246.0
    ],
    [
      631.0,
      253.0
    ],
    [
      630.0,
      322.0
    ],
    [
      578.0,
      319.0
    ]
  ],
  "markers_intra": [
    [
      575.0,
      247.0
    ],
    [
      632.0,
      253.0
    ],
    [
      629.0,
      322.0
    ],
    [
      576.0,
      321.0
    ]
  ],
  "center_gt": [
    605.3792724609375,
    291.5993347167969
  ],
  "homography": [
    [
      1.2407265036448276,
      -0.627079829022748,
      29.021125035423402
    ],
    [
      0.09817445552521202,
      0.7278596499042672,
      15.417498466001884
    ],
    [
      0.00043335529493646627,
      -0.0009478052777164457,
      1.0
    ]
  ]
}