{
  "pre_path": "data/real_human/subject_01/neck/view_03/pre.bmp",
  "intra_path": "data/real_human/subject_01/neck/view_03/intra.bmp",
  "center_pre": [
    701.0,
    243.0
  ],
  "markers_pre": [
    [
      656.0,
      235.0
    ],
    [
      709.0,
      206.0
    ],
    [
      739.0,
      242.0
    ],
    [
      690.0,
      265.0
    ]
  ],
  "markers_intra": [
    [
      659.0,
      236.0
    ],
    [
      710.0,
      206.0
    ],
    [
      739.0,
      245.0
    ],
    [
      690.0,
      267.0
    ]
  ],
  "center_gt": [
    700.9947509765625,
    245.08355712890625
  ],
  "homography": [
    [
      0.2774667131808416,
      0.2808145005531848,
      229.36109598588354
    ],
    [
      -0.12296838080030725,
      0.8285934609988446,
      56.90299556458769
    ],
    [
      -0.0005733559706769828,
      0.00042769345565528985,
      1.0
    ]
  ]
}