{
  "u": 89.94131469726562,
  "v": 90.3596420288086
}