{
  "u": 90.67110443115234,
  "v": 90.24603271484375
}