{
  "u": 90.21932220458984,
  "v": 90.57935333251953
}