{
  "u": 90.03519439697266,
  "v": 89.71318054199219
}