{
  "u": 90.54863739013672,
  "v": 89.54180908203125
}