{
  "pre_path": "data/real_human/subject_04/groin/view_01/pre.bmp",
  "intra_path": "data/real_human/subject_04/groin/view_01/intra.bmp",
  "center_pre": [
    555.0,
    435.0
  ],
  "markers_pre": [
    [
      510.0,
      417.0
    ],
    [
      584.0,
      393.0
    ],
    [
      609.0,
      452.0
    ],
    [
      530.0,
      478.0
    ]
  ],
  "markers_intra": [
    [
      509.0,
      420.0
    ],
    [
      582.0,
      394.0
    ],
    [
      608.0,
      454.0
    ],
    [
      530.0,
      481.0
    ]
  ],
  "center_gt": [
    553.7386474609375,
    437.4710998535156
  ],
  "homography": [
    [
      0.8651513221940554,
      0.08963111344328105,
      14.874188868231377
    ],
    [
      -0.08679439532299701,
      1.0338307234974975,
      20.3494111482565
    ],
    [
      -0.00016500507049451192,
      0.00012867287502517315,
      1.0
    ]
  ]
}