{
  "u": 90.51116943359375,
  "v": 89.80650329589844
}