{
  "u": 89.23836517333984,
  "v": 90.15862274169922
}