{
  "u": 90.2028579711914,
  "v": 89.3842544555664
}