{
  "u": 90.23080444335938,
  "v": 90.17388153076172
}