{
  "u": 89.66303253173828,
  "v": 90.10306549072266
}