{
  "pre_path": "data/real_human/subject_06/groin/view_04/pre.bmp",
  "intra_path": "data/real_human/subject_06/groin/view_04/intra.bmp",
  "center_pre": [
    668.0,
    153.0
  ],
  "markers_pre": [
    [
      640.0,
      130.0
    ],
    [
      678.0,
      131.0
    ],
    [
      691.0,
      174.0
    ],
    [
      654.0,
      179.0
    ]
  ],
  "markers_intra": [
    [
      642.0,
      128.0
    ],
    [
      675.0,
      131.0
    ],
    [
      652.0,
      180.0
    ],
    [
      692.0,
      173.0
    ]
  ],
  "center_gt": [
    625.3856811523438,
    -6.923914909362793
  ],
  "homography": [
    [
      0.5263621742031892,
      -5.76849859504113,
      548.5098665198336
    ],
    [
      0.0877241617302224,
      -1.28962708499032,
      138.51901642579108
    ],
    [
      0.0005090765033098374,
      -0.008575275737184498,
      1.0
    ]
  ]
}