{
  "u": 90.14985656738281,
  "v": 89.60865020751953
}