{
  "u": 89.78282165527344,
  "v": 90.7621078491211
}