{
  "pre_path": "data/real_human/subject_09/groin/view_03/pre.bmp",
  "intra_path": "data/real_human/subject_09/groin/view_03/intra.bmp",
  "center_pre": [
    626.0,
    83.0
  ],
  "markers_pre": [
    [
      615.0,
      62.0
    ],
    [
      652.0,
      71.0
    ],
    [
      638.0,
      115.0
    ],
    [
      598.0,
      107.0
    ]
  ],
  "markers_intra": [
    [
      616.0,
      61.0
    ],
    [
      652.0,
      71.0
    ],
    [
      638.0,
      113.0
    ],
    [
      595.0,
      105.0
    ]
  ],
  "center_gt": [
    626.4479370117188,
    81.19480895996094
  ],
  "homography": [
    [
      7.503252653208122,
      -3.372288749613872,
      -1913.3694709470187
    ],
    [
      0.5638924059728971,
      3.4064943757768344,
      -311.21890060413364
    ],
    [
      0.005475333193254011,
      -0.0051902549914231745,
      1.0
    ]
  ]
}