{
  "u": 89.94824981689453,
  "v": 90.42179870605469
}