{
  "circle_center_preop": [
    576.6228637695312,
    498.5350341796875
  ],
  "ellipse_ab_theta": [
    6.896980285644531,
    7.550775051116943,
    1.641526423237984
  ],
  "circle_radius_px": 7.223877668380737,
  "pixels_per_mm_preop": 1.4447755336761474,
  "patch_size": 180,
  "radii": [
    7.585071551799775,
    9.752234852313997,
    12.280592036247253,
    15.17014310359955
  ],
  "ring_thickness_px": 8,
  "ring_profile_template": [],
  "hex_fft_profile": [
    5.0547261238098145,
    1.9697892665863037,
    0.4470897614955902,
    0.1976403295993805,
    0.011275186203420162,
    -0.16083168983459473,
    -0.18260499835014343,
    -0.17570199072360992,
    -0.16929180920124054,
    -0.16656261682510376,
    -0.16840142011642456,
    -0.18546466529369354,
    -0.22172755002975464,
    -0.2541859447956085,
    -0.27126649022102356,
    -0.28533315658569336,
    -0.3076792061328888,
    -0.3168666660785675,
    -0.3170158863067627,
    -0.32773587107658386,
    -0.34143292903900146,
    -0.3445102870464325,
    -0.349189817905426,
    -0.34912726283073425,
    -0.33778542280197144,
    -0.3437107801437378,
    -0.3507140278816223,
    -0.3389885425567627,
    -0.3418937921524048,
    -0.360181599855423,
    -0.36062532663345337,
    -0.351692259311676
  ],
  "hex_fft_nbins": 32,
  "mask_inner_ratio": 0.92,
  "patch_diam_mm": 10.0,
  "patch_height_mm": 0.39,
  "preop_image_size": [
    1280,
    720
  ],
  "rel_center_image": [
    0.4504866123199463,
    0.6924097696940105
  ]
}