{
  "u": 89.45133209228516,
  "v": 90.458251953125
}