{
  "u": 90.0733413696289,
  "v": 89.5505142211914
}