{
  "pre_path": "data/real_human/subject_07/neck/view_05/pre.bmp",
  "intra_path": "data/real_human/subject_07/neck/view_05/intra.bmp",
  "center_pre": [
    564.0,
    158.0
  ],
  "markers_pre": [
    [
      550.0,
      130.0
    ],
    [
      591.0,
      139.0
    ],
    [
      575.0,
      190.0
    ],
    [
      536.0,
      169.0
    ]
  ],
  "markers_intra": [
    [
      551.0,
      131.0
    ],
    [
      595.0,
      140.0
    ],
    [
      574.0,
      190.0
    ],
    [
      538.0,
      172.0
    ]
  ],
  "center_gt": [
    565.0562133789062,
    161.03555297851562
  ],
  "homography": [
    [
      0.83437611692712,
      2.108087400433242,
      -114.9217621426869
    ],
    [
      -0.1333093360420644,
      1.8290665457552053,
      -17.520627171710718
    ],
    [
      -0.0006799372084806719,
      0.003812528762440573,
      0.9999999999999999
    ]
  ]
}