{
  "u": 90.13985443115234,
  "v": 89.39407348632812
}