{
  "u": 89.2378921508789,
  "v": 89.78282165527344
}