{
  "u": 90.19297790527344,
  "v": 90.76852416992188
}