{
  "u": 90.16730499267578,
  "v": 89.54364776611328
}