{
  "u": 89.67453002929688,
  "v": 90.26399993896484
}