{
  "u": 89.9266586303711,
  "v": 90.4494857788086
}