{
  "u": 89.73237609863281,
  "v": 90.69886016845703
}