{
  "u": 89.76022338867188,
  "v": 89.8039779663086
}