{
  "u": 90.27152252197266,
  "v": 90.2045669555664
}