{
  "u": 89.87874603271484,
  "v": 89.60359191894531
}