{
  "u": 89.8709945678711,
  "v": 89.65924835205078
}