{
  "pre_path": "data/real_human/subject_08/groin/view_04/pre.bmp",
  "intra_path": "data/real_human/subject_08/groin/view_04/intra.bmp",
  "center_pre": [
    578.0,
    184.0
  ],
  "markers_pre": [
    [
      555.0,
      161.0
    ],
    [
      589.0,
      157.0
    ],
    [
      600.0,
      202.0
    ],
    [
      568.0,
      214.0
    ]
  ],
  "markers_intra": [
    [
      555.0,
      162.0
    ],
    [
      589.0,
      156.0
    ],
    [
      601.0,
      202.0
    ],
    [
      569.0,
      214.0
    ]
  ],
  "center_gt": [
    578.2213745117188,
    184.22021484375
  ],
  "homography": [
    [
      0.2519403773414376,
      0.19197837567582554,
      196.80494891581722
    ],
    [
      -0.1473355011392063,
      0.7155323268339112,
      73.85255444985192
    ],
    [
      -0.0006984828668813124,
      0.0003098938156257537,
      1.0
    ]
  ]
}