{
  "u": 89.4844970703125,
  "v": 89.51943969726562
}