{
  "u": 90.60592651367188,
  "v": 90.13985443115234
}