{
  "u": 89.83268737792969,
  "v": 90.45635223388672
}