{
  "u": 90.41382598876953,
  "v": 89.93412017822266
}