{
  "pre_path": "data/real_human/subject_05/groin/view_03/pre.bmp",
  "intra_path": "data/real_human/subject_05/groin/view_03/intra.bmp",
  "center_pre": [
    638.0,
    311.0
  ],
  "markers_pre": [
    [
      602.0,
      288.0
    ],
    [
      675.0,
      282.0
    ],
    [
      676.0,
      338.0
    ],
    [
      608.0,
      351.0
    ]
  ],
  "markers_intra": [
    [
      602.0,
      287.0
    ],
    [
      675.0,
      279.0
    ],
    [
      675.0,
      338.0
    ],
    [
      608.0,
      351.0
    ]
  ],
  "center_gt": [
    637.23388671875,
    310.2380065917969
  ],
  "homography": [
    [
      0.6142919856370251,
      0.1634063083057104,
      100.29626216938884
    ],
    [
      -0.12154350209433924,
      0.9651597648742953,
      41.756701871318796
    ],
    [
      -0.000360771130159126,
      0.00026477687205328634,
      1.0
    ]
  ]
}