{
  "u": 90.39205169677734,
  "v": 89.52044677734375
}