{
  "u": 89.6131591796875,
  "v": 90.3454360961914
}