{
  "pre_path": "data/real_human/subject_02/neck/view_04/pre.bmp",
  "intra_path": "data/real_human/subject_02/neck/view_04/intra.bmp",
  "center_pre": [
    588.0,
    318.0
  ],
  "markers_pre": [
    [
      562.0,
      282.0
    ],
    [
      625.0,
      283.0
    ],
    [
      616.0,
      349.0
    ],
    [
      562.0,
      348.0
    ]
  ],
  "markers_intra": [
    [
      561.0,
      280.0
    ],
    [
      626.0,
      284.0
    ],
    [
      619.0,
      346.0
    ],
    [
      561.0,
      347.0
    ]
  ],
  "center_gt": [
    589.580322265625,
    316.1359558105469
  ],
  "homography": [
    [
      5.185189073283878,
      -0.7130054382489991,
      -1170.079335231266
    ],
    [
      1.1971981298355368,
      2.3509700915000575,
      -565.7093794710232
    ],
    [
      0.0037521866898658144,
      -0.0012709544353814593,
      1.0
    ]
  ]
}