{
  "u": 89.83338165283203,
  "v": 89.0422134399414
}