{
  "u": 89.91999816894531,
  "v": 89.49744415283203
}