{
  "pre_path": "data/real_human/subject_02/neck/view_02/pre.bmp",
  "intra_path": "data/real_human/subject_02/neck/view_02/intra.bmp",
  "center_pre": [
    724.0,
    439.0
  ],
  "markers_pre": [
    [
      668.0,
      424.0
    ],
    [
      740.0,
      387.0
    ],
    [
      782.0,
      451.0
    ],
    [
      711.0,
      488.0
    ]
  ],
  "markers_intra": [
    [
      665.0,
      426.0
    ],
    [
      739.0,
      389.0
    ],
    [
      782.0,
      452.0
    ],
    [
      712.0,
      488.0
    ]
  ],
  "center_gt": [
    723.7960205078125,
    440.75567626953125
  ],
  "homography": [
    [
      1.9920138470257494,
      0.5064607839130981,
      -491.38133326533693
    ],
    [
      0.1995361571546436,
      1.8680615390765274,
      -250.13934166367522
    ],
    [
      0.00046861969962589084,
      0.0006414138386977026,
      1.0
    ]
  ]
}