{
  "u": 90.28828430175781,
  "v": 89.64738464355469
}