{
  "u": 89.80702209472656,
  "v": 89.23147583007812
}