{
  "u": 89.74224853515625,
  "v": 89.75971984863281
}