{
  "u": 90.43892669677734,
  "v": 89.6333999633789
}