{
  "u": 89.50740051269531,
  "v": 89.83770751953125
}