{
  "u": 89.85679626464844,
  "v": 90.19005584716797
}