{
  "pre_path": "data/real_human/subject_08/groin/view_05/pre.bmp",
  "intra_path": "data/real_human/subject_08/groin/view_05/intra.bmp",
  "center_pre": [
    551.0,
    85.0
  ],
  "markers_pre": [
    [
      524.0,
      63.0
    ],
    [
      559.0,
      58.0
    ],
    [
      578.0,
      106.0
    ],
    [
      540.0,
      112.0
    ]
  ],
  "markers_intra": [
    [
      524.0,
      60.0
    ],
    [
      560.0,
      57.0
    ],
    [
      578.0,
      104.0
    ],
    [
      541.0,
      112.0
    ]
  ],
  "center_gt": [
    552.3185424804688,
    83.5810775756836
  ],
  "homography": [
    [
      -13.495020351283893,
      1.5863033023804665,
      3916.70836417186
    ],
    [
      -1.1408236830084726,
      -5.979213263328242,
      624.7020616863939
    ],
    [
      -0.013381786801574784,
      0.0028950775771921684,
      1.0
    ]
  ]
}