{
  "u": 89.80650329589844,
  "v": 89.48883056640625
}