{
  "pre_path": "data/real_human/subject_03/neck/view_03/pre.bmp",
  "intra_path": "data/real_human/subject_03/neck/view_03/intra.bmp",
  "center_pre": [
    814.0,
    370.0
  ],
  "markers_pre": [
    [
      774.0,
      352.0
    ],
    [
      820.0,
      333.0
    ],
    [
      854.0,
      387.0
    ],
    [
      809.0,
      409.0
    ]
  ],
  "markers_intra": [
    [
      774.0,
      352.0
    ],
    [
      820.0,
      334.0
    ],
    [
      854.0,
      388.0
    ],
    [
      809.0,
      412.0
    ]
  ],
  "center_gt": [
    814.193603515625,
    370.59881591796875
  ],
  "homography": [
    [
      1.5372166458925545,
      -0.7632068084278698,
      -77.43041924418425
    ],
    [
      0.20351578395698613,
      0.7736364152152644,
      -46.13100654734972
    ],
    [
      0.0005426117448946028,
      -0.0009372034501058412,
      1.0
    ]
  ]
}