{
  "u": 89.5350341796875,
  "v": 90.37713623046875
}