{
  "pre_path": "data/real_human/subject_06/neck/view_04/pre.bmp",
  "intra_path": "data/real_human/subject_06/neck/view_04/intra.bmp",
  "center_pre": [
    540.0,
    382.0
  ],
  "markers_pre": [
    [
      515.0,
      358.0
    ],
    [
      558.0,
      352.0
    ],
    [
      575.0,
      397.0
    ],
    [
      526.0,
      408.0
    ]
  ],
  "markers_intra": [
    [
      515.0,
      358.0
    ],
    [
      559.0,
      352.0
    ],
    [
      575.0,
      397.0
    ],
    [
      524.0,
      408.0
    ]
  ],
  "center_gt": [
    539.4663696289062,
    381.84710693359375
  ],
  "homography": [
    [
      0.8484332318469638,
      -0.15221864750015712,
      70.22002510228856
    ],
    [
      -0.03121477930813656,
      0.7894593916830116,
      48.11993204162632
    ],
    [
      -8.359080872533475e-05,
      -0.0002178270003655932,
      1.0
    ]
  ]
}