{
  "u": 89.76145935058594,
  "v": 90.09027862548828
}