{
  "u": 89.95012664794922,
  "v": 90.30570220947266
}