{
  "u": 89.97102355957031,
  "v": 90.23619842529297
}