{
  "u": 90.45210266113281,
  "v": 89.88648223876953
}