{
  "pre_path": "data/real_human/subject_01/groin/view_05/pre.bmp",
  "intra_path": "data/real_human/subject_01/groin/view_05/intra.bmp",
  "center_pre": [
    616.0,
    425.0
  ],
  "markers_pre": [
    [
      575.0,
      407.0
    ],
    [
      644.0,
      383.0
    ],
    [
      668.0,
      449.0
    ],
    [
      582.0,
      473.0
    ]
  ],
  "markers_intra": [
    [
      574.0,
      405.0
    ],
    [
      646.0,
      385.0
    ],
    [
      669.0,
      448.0
    ],
    [
      585.0,
      472.0
    ]
  ],
  "center_gt": [
    619.012451171875,
    424.8746337890625
  ],
  "homography": [
    [
      42.783271246190765,
      7.594667583252979,
      -14742.324050514688
    ],
    [
      13.183971232520916,
      28.258052238651057,
      -9945.260054179407
    ],
    [
      0.029585379309657087,
      0.011173934291350178,
      1.0
    ]
  ]
}