{
  "u": 90.1129379272461,
  "v": 90.26599884033203
}