{
  "u": 90.3596420288086,
  "v": 90.05868530273438
}