{
  "u": 90.58120727539062,
  "v": 89.52857971191406
}