{
  "u": 89.52110290527344,
  "v": 90.08330535888672
}