{
  "pre_path": "data/real_human/subject_03/groin/view_04/pre.bmp",
  "intra_path": "data/real_human/subject_03/groin/view_04/intra.bmp",
  "center_pre": [
    600.0,
    270.0
  ],
  "markers_pre": [
    [
      560.0,
      239.0
    ],
    [
      625.0,
      230.0
    ],
    [
      636.0,
      296.0
    ],
    [
      569.0,
      300.0
    ]
  ],
  "markers_intra": [
    [
      559.0,
      238.0
    ],
    [
      628.0,
      232.0
    ],
    [
      639.0,
      296.0
    ],
    [
      566.0,
      299.0
    ]
  ],
  "center_gt": [
    601.0256958007812,
    269.4698486328125
  ],
  "homography": [
    [
      1.4166676786002184,
      -0.39402744095939657,
      -90.63580167553206
    ],
    [
      0.14129173758097238,
      0.9040231129233129,
      -36.09888896888556
    ],
    [
      0.0004182450471607822,
      -0.0006092910203659913,
      1.0
    ]
  ]
}