{
  "u": 89.68840789794922,
  "v": 89.62692260742188
}