{
  "u": 89.7103271484375,
  "v": 90.10965728759766
}