{
  "u": 89.61894989013672,
  "v": 89.89141082763672
}