{
  "u": 89.71171569824219,
  "v": 90.35258483886719
}