{
  "u": 90.3448486328125,
  "v": 90.11360168457031
}