{
  "u": 89.34236145019531,
  "v": 90.58728790283203
}