{
  "u": 90.33479309082031,
  "v": 89.67566680908203
}