{
  "u": 89.41271209716797,
  "v": 89.34236145019531
}