{
  "pre_path": "data/real_human/subject_08/groin/view_01/pre.bmp",
  "intra_path": "data/real_human/subject_08/groin/view_01/intra.bmp",
  "center_pre": [
    681.0,
    323.0
  ],
  "markers_pre": [
    [
      671.0,
      292.0
    ],
    [
      712.0,
      310.0
    ],
    [
      695.0,
      357.0
    ],
    [
      652.0,
      336.0
    ]
  ],
  "markers_intra": [
    [
      672.0,
      292.0
    ],
    [
      712.0,
      309.0
    ],
    [
      694.0,
      359.0
    ],
    [
      652.0,
      337.0
    ]
  ],
  "center_gt": [
    680.7832641601562,
    323.1254577636719
  ],
  "homography": [
    [
      0.41327433050341444,
      -0.28183496487762816,
      250.97543351176245
    ],
    [
      -0.11950157203010663,
      0.5451620329385295,
      114.7900808931741
    ],
    [
      -0.00033282062532796525,
      -0.0003870091663447409,
      1.0
    ]
  ]
}