{
  "u": 90.15999603271484,
  "v": 91.00511169433594
}