{
  "u": 89.46063232421875,
  "v": 89.9119873046875
}