{
  "u": 89.91010284423828,
  "v": 89.56841278076172
}