{
  "u": 90.06524658203125,
  "v": 89.71723937988281
}