{
  "pre_path": "data/real_human/subject_09/neck/view_05/pre.bmp",
  "intra_path": "data/real_human/subject_09/neck/view_05/intra.bmp",
  "center_pre": [
    528.0,
    224.0
  ],
  "markers_pre": [
    [
      516.0,
      188.0
    ],
    [
      554.0,
      203.0
    ],
    [
      532.0,
      259.0
    ],
    [
      494.0,
      226.0
    ]
  ],
  "markers_intra": [
    [
      518.0,
      189.0
    ],
    [
      554.0,
      204.0
    ],
    [
      532.0,
      260.0
    ],
    [
      498.0,
      226.0
    ]
  ],
  "center_gt": [
    528.6822509765625,
    224.92227172851562
  ],
  "homography": [
    [
      0.23831597310091246,
      0.026352088618004,
      210.72642390489094
    ],
    [
      -0.13946236808220533,
      0.6613193943713707,
      71.19662747101859
    ],
    [
      -0.0006945615467082589,
      6.468850511073285e-05,
      1.0
    ]
  ]
}