{
  "u": 90.7615737915039,
  "v": 89.84137725830078
}