{
  "u": 89.63601684570312,
  "v": 90.95040130615234
}