{
  "u": 89.85013580322266,
  "v": 90.39131927490234
}