{
  "u": 90.27079772949219,
  "v": 89.75817108154297
}