{
  "u": 89.48883056640625,
  "v": 90.19349670410156
}