{
  "pre_path": "data/real_human/subject_05/groin/view_02/pre.bmp",
  "intra_path": "data/real_human/subject_05/groin/view_02/intra.bmp",
  "center_pre": [
    605.0,
    284.0
  ],
  "markers_pre": [
    [
      568.0,
      257.0
    ],
    [
      638.0,
      248.0
    ],
    [
      640.0,
      308.0
    ],
    [
      578.0,
      318.0
    ]
  ],
  "markers_intra": [
    [
      569.0,
      258.0
    ],
    [
      638.0,
      249.0
    ],
    [
      638.0,
      308.0
    ],
    [
      575.0,
      319.0
    ]
  ],
  "center_gt": [
    604.1373291015625,
    284.2767333984375
  ],
  "homography": [
    [
      1.0048990129929039,
      -0.3293723307218827,
      52.6905626504631
    ],
    [
      0.02549253573403905,
      0.7997770257314571,
      24.295161599758714
    ],
    [
      0.00011824920609408841,
      -0.00046769665110509993,
      1.0
    ]
  ]
}