{
  "u": 89.62413024902344,
  "v": 89.86221313476562
}