{
  "pre_path": "data/real_human/subject_09/neck/view_03/pre.bmp",
  "intra_path": "data/real_human/subject_09/neck/view_03/intra.bmp",
  "center_pre": [
    738.0,
    319.0
  ],
  "markers_pre": [
    [
      711.0,
      303.0
    ],
    [
      749.0,
      287.0
    ],
    [
      771.0,
      321.0
    ],
    [
      736.0,
      351.0
    ]
  ],
  "markers_intra": [
    [
      710.0,
      304.0
    ],
    [
      749.0,
      288.0
    ],
    [
      770.0,
      321.0
    ],
    [
      739.0,
      350.0
    ]
  ],
  "center_gt": [
    739.46826171875,
    319.99420166015625
  ],
  "homography": [
    [
      -2.8634640697312315,
      -1.1793382779665533,
      1615.4192292726707
    ],
    [
      -0.7046148449923427,
      -1.6343262305409787,
      663.1336369404432
    ],
    [
      -0.002299232867803542,
      -0.0015207896552512173,
      1.0
    ]
  ]
}