{
  "u": 89.32889556884766,
  "v": 89.75396728515625
}