{
  "u": 90.13285064697266,
  "v": 90.31295776367188
}