{
  "u": 90.454833984375,
  "v": 90.42403411865234
}