{
  "u": 89.44090270996094,
  "v": 89.78589630126953
}