{
  "pre_path": "data/real_human/subject_09/groin/view_04/pre.bmp",
  "intra_path": "data/real_human/subject_09/groin/view_04/intra.bmp",
  "center_pre": [
    555.0,
    134.0
  ],
  "markers_pre": [
    [
      530.0,
      110.0
    ],
    [
      570.0,
      103.0
    ],
    [
      581.0,
      156.0
    ],
    [
      538.0,
      167.0
    ]
  ],
  "markers_intra": [
    [
      531.0,
      109.0
    ],
    [
      570.0,
      102.0
    ],
    [
      581.0,
      155.0
    ],
    [
      540.0,
      165.0
    ]
  ],
  "center_gt": [
    555.66943359375,
    133.11392211914062
  ],
  "homography": [
    [
      0.8024134923685136,
      0.26698063365200525,
      45.3324701664191
    ],
    [
      -0.0191248047728083,
      0.9983079398450514,
      2.9545980049307934
    ],
    [
      -0.00020495165381517446,
      0.00045641216840706125,
      1.0
    ]
  ]
}