{
  "u": 90.24342346191406,
  "v": 89.2611312866211
}