{
  "u": 89.82611083984375,
  "v": 90.23080444335938
}