{
  "u": 90.0414047241211,
  "v": 89.66255187988281
}