{
  "u": 90.12899017333984,
  "v": 90.34078216552734
}