{
  "u": 89.7954330444336,
  "v": 90.27152252197266
}