{
  "pre_path": "data/real_human/subject_07/groin/view_03/pre.bmp",
  "intra_path": "data/real_human/subject_07/groin/view_03/intra.bmp",
  "center_pre": [
    601.0,
    144.0
  ],
  "markers_pre": [
    [
      582.0,
      121.0
    ],
    [
      632.0,
      127.0
    ],
    [
      618.0,
      172.0
    ],
    [
      569.0,
      166.0
    ]
  ],
  "markers_intra": [
    [
      584.0,
      122.0
    ],
    [
      629.0,
      127.0
    ],
    [
      618.0,
      172.0
    ],
    [
      570.0,
      166.0
    ]
  ],
  "center_gt": [
    601.082275390625,
    143.3027801513672
  ],
  "homography": [
    [
      0.7337595965372815,
      -0.9095221474311523,
      161.03911931448124
    ],
    [
      -0.006306004422574716,
      0.5460942954439232,
      37.45616600419838
    ],
    [
      4.15867051813721e-06,
      -0.0015195638167250516,
      1.0
    ]
  ]
}