{
  "u": 89.8039779663086,
  "v": 90.23977661132812
}