{
  "u": 90.70426177978516,
  "v": 89.87753295898438
}