{
  "u": 89.80070495605469,
  "v": 89.53059387207031
}