{
  "pre_path": "data/real_human/subject_04/neck/view_04/pre.bmp",
  "intra_path": "data/real_human/subject_04/neck/view_04/intra.bmp",
  "center_pre": [
    544.0,
    298.0
  ],
  "markers_pre": [
    [
      520.0,
      266.0
    ],
    [
      586.0,
      272.0
    ],
    [
      578.0,
      326.0
    ],
    [
      514.0,
      334.0
    ]
  ],
  "markers_intra": [
    [
      519.0,
      265.0
    ],
    [
      586.0,
      273.0
    ],
    [
      575.0,
      327.0
    ],
    [
      512.0,
      333.0
    ]
  ],
  "center_gt": [
    542.4332275390625,
    298.4347229003906
  ],
  "homography": [
    [
      1.1910152966763796,
      0.36877717255665143,
      -102.87193445180607
    ],
    [
      0.023375759578730445,
      1.4369461910979116,
      -80.59512777484377
    ],
    [
      -2.983747074264458e-05,
      0.000750454780911858,
      1.0
    ]
  ]
}