{
  "u": 89.77295684814453,
  "v": 89.76565551757812
}