{
  "u": 90.35258483886719,
  "v": 90.28828430175781
}