{
  "pre_path": "data/real_human/subject_02/groin/view_03/pre.bmp",
  "intra_path": "data/real_human/subject_02/groin/view_03/intra.bmp",
  "center_pre": [
    654.0,
    335.0
  ],
  "markers_pre": [
    [
      628.0,
      305.0
    ],
    [
      686.0,
      304.0
    ],
    [
      679.0,
      369.0
    ],
    [
      615.0,
      365.0
    ]
  ],
  "markers_intra": [
    [
      630.0,
      305.0
    ],
    [
      688.0,
      306.0
    ],
    [
      678.0,
      369.0
    ],
    [
      618.0,
      365.0
    ]
  ],
  "center_gt": [
    655.7140502929688,
    336.62493896484375
  ],
  "homography": [
    [
      4.300142562034626,
      2.5195610218975553,
      -1448.7150607893832
    ],
    [
      0.6025206213756099,
      4.653881637951693,
      -819.7638706668151
    ],
    [
      0.0015942679017171596,
      0.0039525601208001,
      1.0
    ]
  ]
}