{
  "u": 89.92076873779297,
  "v": 90.34337615966797
}