{
  "u": 90.34337615966797,
  "v": 90.07923126220703
}