{
  "u": 89.86714935302734,
  "v": 89.68704223632812
}