{
  "u": 89.26097106933594,
  "v": 90.1176528930664
}