{
  "pre_path": "data/real_human/subject_07/neck/view_04/pre.bmp",
  "intra_path": "data/real_human/subject_07/neck/view_04/intra.bmp",
  "center_pre": [
    549.0,
    125.0
  ],
  "markers_pre": [
    [
      534.0,
      101.0
    ],
    [
      581.0,
      108.0
    ],
    [
      559.0,
      156.0
    ],
    [
      520.0,
      139.0
    ]
  ],
  "markers_intra": [
    [
      535.0,
      102.0
    ],
    [
      582.0,
      108.0
    ],
    [
      561.0,
      158.0
    ],
    [
      519.0,
      139.0
    ]
  ],
  "center_gt": [
    549.7412109375,
    124.61006164550781
  ],
  "homography": [
    [
      0.5907290049305692,
      -0.848434449987856,
      158.86420419228122
    ],
    [
      -0.029300363696874682,
      0.49288060863799915,
      39.957797721872694
    ],
    [
      -0.0002199919273675958,
      -0.001545829423409266,
      0.9999999999999999
    ]
  ]
}