{
  "u": 90.51824188232422,
  "v": 90.58027648925781
}