{
  "u": 90.08941650390625,
  "v": 89.68619537353516
}