{
  "u": 89.8180160522461,
  "v": 90.47520446777344
}