{
  "u": 89.74341583251953,
  "v": 89.69275665283203
}