{
  "pre_path": "data/real_human/subject_05/neck/view_03/pre.bmp",
  "intra_path": "data/real_human/subject_05/neck/view_03/intra.bmp",
  "center_pre": [
    904.0,
    335.0
  ],
  "markers_pre": [
    [
      858.0,
      309.0
    ],
    [
      931.0,
      305.0
    ],
    [
      956.0,
      347.0
    ],
    [
      891.0,
      371.0
    ]
  ],
  "markers_intra": [
    [
      860.0,
      310.0
    ],
    [
      931.0,
      302.0
    ],
    [
      956.0,
      346.0
    ],
    [
      891.0,
      373.0
    ]
  ],
  "center_gt": [
    903.8895263671875,
    335.0651550292969
  ],
  "homography": [
    [
      0.3654083773676278,
      0.050248580308072305,
      286.0184094104157
    ],
    [
      -0.144919687630037,
      0.7566175503741659,
      112.25596501069957
    ],
    [
      -0.00035422832173488694,
      6.187853747562704e-05,
      1.0
    ]
  ]
}