{
  "pre_path": "data/real_human/subject_06/neck/view_02/pre.bmp",
  "intra_path": "data/real_human/subject_06/neck/view_02/intra.bmp",
  "center_pre": [
    782.0,
    327.0
  ],
  "markers_pre": [
    [
      750.0,
      313.0
    ],
    [
      788.0,
      293.0
    ],
    [
      818.0,
      324.0
    ],
    [
      776.0,
      359.0
    ]
  ],
  "markers_intra": [
    [
      749.0,
      314.0
    ],
    [
      784.0,
      292.0
    ],
    [
      818.0,
      324.0
    ],
    [
      774.0,
      361.0
    ]
  ],
  "center_gt": [
    779.0359497070312,
    327.50384521484375
  ],
  "homography": [
    [
      -0.25870543982689037,
      -0.10900490003367451,
      506.45606246980446
    ],
    [
      -0.25432624635568524,
      0.31017197370247673,
      210.33489298076768
    ],
    [
      -0.0007739657661532696,
      -0.0001532022759816248,
      1.0
    ]
  ]
}