{
  "u": 89.7877426147461,
  "v": 89.80211639404297
}