{
  "u": 89.68619537353516,
  "v": 89.91058349609375
}