{
  "pre_path": "data/real_human/subject_07/groin/view_04/pre.bmp",
  "intra_path": "data/real_human/subject_07/groin/view_04/intra.bmp",
  "center_pre": [
    514.0,
    128.0
  ],
  "markers_pre": [
    [
      480.0,
      107.0
    ],
    [
      524.0,
      100.0
    ],
    [
      542.0,
      151.0
    ],
    [
      505.0,
      160.0
    ]
  ],
  "markers_intra": [
    [
      480.0,
      107.0
    ],
    [
      516.0,
      100.0
    ],
    [
      542.0,
      150.0
    ],
    [
      509.0,
      157.0
    ]
  ],
  "center_gt": [
    511.74896240234375,
    126.39021301269531
  ],
  "homography": [
    [
      0.1093705332774085,
      -0.09550683010322866,
      243.50373805347567
    ],
    [
      -0.08722169850979168,
      0.4887910954332147,
      53.271419871257976
    ],
    [
      -0.000761079298632514,
      -0.0003673085356207636,
      1.0
    ]
  ]
}