{
  "u": 90.73892974853516,
  "v": 90.24342346191406
}