{
  "u": 89.76565551757812,
  "v": 90.22704315185547
}