{
  "u": 89.91513061523438,
  "v": 89.7225112915039
}