{
  "u": 90.59467315673828,
  "v": 89.81809997558594
}