{
  "u": 90.13795471191406,
  "v": 89.581298828125
}