{
  "u": 90.50255584716797,
  "v": 89.91999816894531
}