{
  "u": 89.67884063720703,
  "v": 90.83860778808594
}