{
  "u": 89.65406036376953,
  "v": 90.42314147949219
}