{
  "u": 89.65223693847656,
  "v": 90.46160888671875
}