{
  "u": 89.49382019042969,
  "v": 89.93788146972656
}