{
  "u": 89.59605407714844,
  "v": 89.90678405761719
}