{
  "u": 89.84844970703125,
  "v": 89.50445556640625
}