{
  "u": 90.21410369873047,
  "v": 89.44090270996094
}