{
  "u": 89.58614349365234,
  "v": 90.06587982177734
}