{
  "pre_path": "data/real_human/subject_07/groin/view_01/pre.bmp",
  "intra_path": "data/real_human/subject_07/groin/view_01/intra.bmp",
  "center_pre": [
    636.0,
    308.0
  ],
  "markers_pre": [
    [
      615.0,
      270.0
    ],
    [
      668.0,
      285.0
    ],
    [
      655.0,
      338.0
    ],
    [
      609.0,
      325.0
    ]
  ],
  "markers_intra": [
    [
      612.0,
      272.0
    ],
    [
      666.0,
      284.0
    ],
    [
      658.0,
      336.0
    ],
    [
      609.0,
      323.0
    ]
  ],
  "center_gt": [
    635.2819213867188,
    306.3351745605469
  ],
  "homography": [
    [
      0.3923174924741364,
      -0.3362631879834673,
      233.10510448183285
    ],
    [
      -0.11292884689575006,
      0.38596321666292616,
      135.72530638540312
    ],
    [
      -0.0003418713254125003,
      -0.000603589741850355,
      1.0
    ]
  ]
}