{
  "u": 90.54988861083984,
  "v": 90.65837097167969
}