{
  "u": 88.99488830566406,
  "v": 90.15999603271484
}