{
  "u": 90.17024993896484,
  "v": 90.67816162109375
}