{
  "pre_path": "data/real_human/subject_07/groin/view_05/pre.bmp",
  "intra_path": "data/real_human/subject_07/groin/view_05/intra.bmp",
  "center_pre": [
    510.0,
    81.0
  ],
  "markers_pre": [
    [
      475.0,
      57.0
    ],
    [
      518.0,
      54.0
    ],
    [
      500.0,
      106.0
    ],
    [
      538.0,
      101.0
    ]
  ],
  "markers_intra": [
    [
      476.0,
      57.0
    ],
    [
      516.0,
      54.0
    ],
    [
      499.0,
      106.0
    ],
    [
      539.0,
      101.0
    ]
  ],
  "center_gt": [
    508.97467041015625,
    79.58982849121094
  ],
  "homography": [
    [
      0.5282284944040719,
      -0.7935119726200173,
      151.83103017445904
    ],
    [
      -0.024173571039257328,
      0.5772024222740542,
      21.39290566749669
    ],
    [
      -0.00033369970496712766,
      -0.0015863598013371733,
      1.0
    ]
  ]
}