{
  "pre_path": "data/real_human/subject_08/groin/view_02/pre.bmp",
  "intra_path": "data/real_human/subject_08/groin/view_02/intra.bmp",
  "center_pre": [
    675.0,
    246.0
  ],
  "markers_pre": [
    [
      665.0,
      218.0
    ],
    [
      698.0,
      226.0
    ],
    [
      689.0,
      272.0
    ],
    [
      651.0,
      264.0
    ]
  ],
  "markers_intra": [
    [
      664.0,
      219.0
    ],
    [
      700.0,
      225.0
    ],
    [
      688.0,
      273.0
    ],
    [
      650.0,
      262.0
    ]
  ],
  "center_gt": [
    673.45556640625,
    246.00193786621094
  ],
  "homography": [
    [
      -0.3755534700454366,
      0.029967486153460683,
      456.2300624215919
    ],
    [
      -0.2504051710251007,
      0.3211866450825538,
      166.75882507990002
    ],
    [
      -0.0010396122195251226,
      5.5758044630430594e-05,
      1.0
    ]
  ]
}