{
  "u": 90.0848617553711,
  "v": 90.2774887084961
}