{
  "u": 89.80253601074219,
  "v": 89.83856201171875
}