{
  "u": 89.57820129394531,
  "v": 89.94824981689453
}