{
  "u": 89.25384521484375,
  "v": 90.62318420410156
}