{
  "u": 89.56107330322266,
  "v": 90.36656951904297
}