{
  "u": 89.75396728515625,
  "v": 90.67110443115234
}