{
  "u": 90.7621078491211,
  "v": 90.2171859741211
}