{
  "pre_path": "data/real_human/subject_04/groin/view_05/pre.bmp",
  "intra_path": "data/real_human/subject_04/groin/view_05/intra.bmp",
  "center_pre": [
    696.0,
    233.0
  ],
  "markers_pre": [
    [
      658.0,
      202.0
    ],
    [
      721.0,
      202.0
    ],
    [
      732.0,
      272.0
    ],
    [
      665.0,
      271.0
    ]
  ],
  "markers_intra": [
    [
      661.0,
      201.0
    ],
    [
      721.0,
      202.0
    ],
    [
      735.0,
      270.0
    ],
    [
      666.0,
      273.0
    ]
  ],
  "center_gt": [
    698.5708618164062,
    231.153076171875
  ],
  "homography": [
    [
      2.9526816100430127,
      -1.6461282059682947,
      -474.79886555454453
    ],
    [
      0.3961255525172295,
      1.1494242861817114,
      -147.53160380395252
    ],
    [
      0.0018260243478367198,
      -0.002394059717134589,
      1.0
    ]
  ]
}