{
  "u": 90.41873168945312,
  "v": 90.13795471191406
}