{
  "u": 90.76852416992188,
  "v": 89.80702209472656
}