{
  "u": 89.83770751953125,
  "v": 90.49259948730469
}