{
  "u": 90.32546997070312,
  "v": 89.73600006103516
}