{
  "pre_path": "data/real_human/subject_08/groin/view_03/pre.bmp",
  "intra_path": "data/real_human/subject_08/groin/view_03/intra.bmp",
  "center_pre": [
    662.0,
    130.0
  ],
  "markers_pre": [
    [
      655.0,
      101.0
    ],
    [
      691.0,
      106.0
    ],
    [
      679.0,
      158.0
    ],
    [
      636.0,
      150.0
    ]
  ],
  "markers_intra": [
    [
      652.0,
      101.0
    ],
    [
      691.0,
      106.0
    ],
    [
      678.0,
      158.0
    ],
    [
      635.0,
      150.0
    ]
  ],
  "center_gt": [
    660.2808227539062,
    130.9490966796875
  ],
  "homography": [
    [
      0.6349597823862148,
      0.8285696217360413,
      54.72426123284687
    ],
    [
      -0.05219979024892831,
      1.037165693140124,
      15.303927451918415
    ],
    [
      -0.000416869261153425,
      0.0012199574372735722,
      1.0
    ]
  ]
}