{
  "u": 89.49781799316406,
  "v": 90.48648071289062
}