{
  "u": 90.12246704101562,
  "v": 90.70426177978516
}