{
  "u": 90.16145324707031,
  "v": 89.80253601074219
}