{
  "u": 90.11360168457031,
  "v": 89.65518188476562
}