{
  "u": 89.75971984863281,
  "v": 90.25775146484375
}