{
  "u": 89.7442626953125,
  "v": 90.33944702148438
}