{
  "u": 89.90026092529297,
  "v": 90.61133575439453
}