{
  "pre_path": "data/real_human/subject_01/groin/view_03/pre.bmp",
  "intra_path": "data/real_human/subject_01/groin/view_03/intra.bmp",
  "center_pre": [
    556.0,
    344.0
  ],
  "markers_pre": [
    [
      530.0,
      323.0
    ],
    [
      588.0,
      322.0
    ],
    [
      578.0,
      363.0
    ],
    [
      521.0,
      365.0
    ]
  ],
  "markers_intra": [
    [
      531.0,
      322.0
    ],
    [
      588.0,
      322.0
    ],
    [
      575.0,
      362.0
    ],
    [
      522.0,
      366.0
    ]
  ],
  "center_gt": [
    556.45751953125,
    344.4438171386719
  ],
  "homography": [
    [
      -3.8146758877365037,
      -2.4019792948765777,
      1697.3318724785543
    ],
    [
      -1.0168594867879561,
      -3.811001967024326,
      1102.6726235989215
    ],
    [
      -0.0030320948368733787,
      -0.004535884803633848,
      1.0
    ]
  ]
}