{
  "u": 89.85881042480469,
  "v": 89.11309814453125
}