{
  "u": 90.32433319091797,
  "v": 90.33479309082031
}