{
  "u": 89.67943572998047,
  "v": 89.60476684570312
}