{
  "u": 90.19683074951172,
  "v": 89.4630126953125
}