{
  "u": 90.55139923095703,
  "v": 90.5690689086914
}