{
  "u": 90.47142028808594,
  "v": 90.58120727539062
}