{
  "u": 90.08802032470703,
  "v": 89.46063232421875
}