{
  "u": 90.57935333251953,
  "v": 89.78070831298828
}