{
  "u": 90.28270721435547,
  "v": 89.69677734375
}