{
  "u": 89.96481323242188,
  "v": 90.28684997558594
}