{
  "u": 90.238525390625,
  "v": 89.90970611572266
}