{
  "pre_path": "data/real_human/subject_02/neck/view_01/pre.bmp",
  "intra_path": "data/real_human/subject_02/neck/view_01/intra.bmp",
  "center_pre": [
    636.0,
    354.0
  ],
  "markers_pre": [
    [
      585.0,
      352.0
    ],
    [
      648.0,
      303.0
    ],
    [
      686.0,
      353.0
    ],
    [
      631.0,
      381.0
    ]
  ],
  "markers_intra": [
    [
      585.0,
      352.0
    ],
    [
      646.0,
      304.0
    ],
    [
      686.0,
      355.0
    ],
    [
      631.0,
      382.0
    ]
  ],
  "center_gt": [
    635.3052978515625,
    354.993896484375
  ],
  "homography": [
    [
      0.6803778489179175,
      -0.007150325164913857,
      98.50360985293779
    ],
    [
      -0.06797784654037232,
      0.8195140034260446,
      48.54721089737773
    ],
    [
      -0.00023884163164839721,
      -4.4943111874793805e-05,
      1.0
    ]
  ]
}