{
  "u": 89.51642608642578,
  "v": 90.43180847167969
}