{
  "u": 89.90351104736328,
  "v": 89.61573791503906
}