{
  "pre_path": "data/real_human/subject_06/neck/view_03/pre.bmp",
  "intra_path": "data/real_human/subject_06/neck/view_03/intra.bmp",
  "center_pre": [
    754.0,
    328.0
  ],
  "markers_pre": [
    [
      724.0,
      319.0
    ],
    [
      758.0,
      296.0
    ],
    [
      785.0,
      332.0
    ],
    [
      744.0,
      362.0
    ]
  ],
  "markers_intra": [
    [
      724.0,
      321.0
    ],
    [
      758.0,
      299.0
    ],
    [
      785.0,
      332.0
    ],
    [
      745.0,
      363.0
    ]
  ],
  "center_gt": [
    754.6771240234375,
    329.0195617675781
  ],
  "homography": [
    [
      2.673531289877063,
      -0.8547423809080132,
      -493.64416678088907
    ],
    [
      0.40759299604566135,
      1.193054786300991,
      -157.23591744038478
    ],
    [
      0.0013661161039690106,
      -0.0011723254963439463,
      1.0
    ]
  ]
}