{
  "u": 89.68704223632812,
  "v": 90.13285064697266
}