{
  "u": 90.3533706665039,
  "v": 89.62096405029297
}