{
  "u": 90.26760864257812,
  "v": 89.30113983154297
}