{
  "u": 89.43659973144531,
  "v": 90.0979995727539
}