{
  "u": 90.58027648925781,
  "v": 89.48181915283203
}