{
  "u": 89.43968200683594,
  "v": 89.84031677246094
}