{
  "u": 89.71318054199219,
  "v": 89.96481323242188
}