{
  "u": 90.28453826904297,
  "v": 89.72429656982422
}