{
  "u": 89.78070831298828,
  "v": 89.42064666748047
}