{
  "u": 89.34162902832031,
  "v": 90.54988861083984
}