{
  "u": 89.46800231933594,
  "v": 90.22587585449219
}