{
  "u": 89.76937866210938,
  "v": 90.28208923339844
}