{
  "pre_path": "data/real_human/subject_04/neck/view_03/pre.bmp",
  "intra_path": "data/real_human/subject_04/neck/view_03/intra.bmp",
  "center_pre": [
    844.0,
    314.0
  ],
  "markers_pre": [
    [
      805.0,
      301.0
    ],
    [
      855.0,
      280.0
    ],
    [
      888.0,
      325.0
    ],
    [
      838.0,
      350.0
    ]
  ],
  "markers_intra": [
    [
      804.0,
      301.0
    ],
    [
      858.0,
      278.0
    ],
    [
      888.0,
      325.0
    ],
    [
      839.0,
      351.0
    ]
  ],
  "center_gt": [
    845.6636352539062,
    314.71514892578125
  ],
  "homography": [
    [
      -10.979392679812374,
      -5.933870704412845,
      6012.945066536562
    ],
    [
      -1.7028684962634253,
      -8.56790931915892,
      2223.2823098015033
    ],
    [
      -0.005684996488375323,
      -0.007173921486977027,
      1.0
    ]
  ]
}