{
  "u": 89.1549072265625,
  "v": 90.1469955444336
}