{
  "candidate_id": 9,
  "center_img": [
    947.9969482421875,
    429.97930908203125
  ],
  "center_img_coarse": [
    944.0,
    432.0
  ],
  "center_img_refined": [
    955.419921875,
    426.2265930175781
  ],
  "score": 10696675971.183796,
  "n_inlier": 5,
  "inlier_ratio": 0.5,
  "rmse_px": 71311173138.54477,
  "shift_px": 4.478703722807207,
  "shift_r": 0.6199860972744196,
  "refined_shift_r": 1.7713977390790523,
  "tdir": "T16398"
}