{
  "u": 89.44860076904297,
  "v": 89.4309310913086
}