{
  "u": 89.88704681396484,
  "v": 89.7339859008789
}