{
  "u": 90.06212615966797,
  "v": 89.49382019042969
}