{
  "u": 90.19349670410156,
  "v": 90.51116943359375
}