{
  "u": 90.8868408203125,
  "v": 89.85881042480469
}