{
  "pre_path": "data/real_human/subject_05/groin/view_01/pre.bmp",
  "intra_path": "data/real_human/subject_05/groin/view_01/intra.bmp",
  "center_pre": [
    481.0,
    430.0
  ],
  "markers_pre": [
    [
      450.0,
      415.0
    ],
    [
      510.0,
      398.0
    ],
    [
      522.0,
      449.0
    ],
    [
      450.0,
      465.0
    ]
  ],
  "markers_intra": [
    [
      450.0,
      413.0
    ],
    [
      511.0,
      398.0
    ],
    [
      522.0,
      450.0
    ],
    [
      450.0,
      465.0
    ]
  ],
  "center_gt": [
    481.7796325683594,
    429.7034606933594
  ],
  "homography": [
    [
      1.9003183818472187,
      0.141313808388603,
      -246.95189596793102
    ],
    [
      0.3830654646384505,
      1.6871577588868252,
      -260.54211031352474
    ],
    [
      0.0007811919795719384,
      0.0003140306853080065,
      1.0
    ]
  ]
}