{
  "u": 90.1212387084961,
  "v": 90.39643859863281
}