{
  "u": 90.6723403930664,
  "v": 90.19164276123047
}