{
  "u": 90.06587982177734,
  "v": 90.41382598876953
}