{
  "u": 89.16252899169922,
  "v": 89.7240982055664
}