{
  "u": 89.50445556640625,
  "v": 90.15155029296875
}