{
  "u": 90.43158721923828,
  "v": 89.91010284423828
}