{
  "u": 90.07946014404297,
  "v": 90.31649017333984
}