{
  "u": 90.23977661132812,
  "v": 90.19603729248047
}