{
  "u": 89.41879272460938,
  "v": 90.47142028808594
}