{
  "u": 89.7173080444336,
  "v": 90.30322265625
}