{
  "u": 89.30113983154297,
  "v": 89.73237609863281
}