{
  "u": 90.6867446899414,
  "v": 90.15846252441406
}