{
  "u": 89.32183837890625,
  "v": 90.17024993896484
}