{
  "pre_path": "data/real_human/subject_03/neck/view_05/pre.bmp",
  "intra_path": "data/real_human/subject_03/neck/view_05/intra.bmp",
  "center_pre": [
    546.0,
    385.0
  ],
  "markers_pre": [
    [
      530.0,
      344.0
    ],
    [
      575.0,
      353.0
    ],
    [
      571.0,
      415.0
    ],
    [
      515.0,
      413.0
    ]
  ],
  "markers_intra": [
    [
      528.0,
      343.0
    ],
    [
      576.0,
      353.0
    ],
    [
      571.0,
      413.0
    ],
    [
      515.0,
      413.0
    ]
  ],
  "center_gt": [
    546.1117553710938,
    385.3929748535156
  ],
  "homography": [
    [
      7.132240704513369,
      3.3032535262179623,
      -2364.413585757162
    ],
    [
      1.229074784498051,
      7.306443991572647,
      -1506.9974525510772
    ],
    [
      0.003396721394586788,
      0.00591005266468869,
      1.0
    ]
  ]
}