{
  "u": 90.11650848388672,
  "v": 89.49507904052734
}