{
  "u": 90.24182891845703,
  "v": 90.27079772949219
}