{
  "u": 90.25775146484375,
  "v": 90.24028015136719
}