{
  "u": 89.86221313476562,
  "v": 90.37583923339844
}