{
  "u": 89.64038848876953,
  "v": 89.94131469726562
}