{
  "u": 89.54180908203125,
  "v": 89.45133209228516
}