{
  "u": 89.3842544555664,
  "v": 89.7971420288086
}