{
  "pre_path": "data/real_human/subject_09/groin/view_05/pre.bmp",
  "intra_path": "data/real_human/subject_09/groin/view_05/intra.bmp",
  "center_pre": [
    521.0,
    99.0
  ],
  "markers_pre": [
    [
      500.0,
      69.0
    ],
    [
      541.0,
      74.0
    ],
    [
      544.0,
      126.0
    ],
    [
      499.0,
      120.0
    ]
  ],
  "markers_intra": [
    [
      502.0,
      70.0
    ],
    [
      542.0,
      75.0
    ],
    [
      544.0,
      124.0
    ],
    [
      498.0,
      121.0
    ]
  ],
  "center_gt": [
    522.104248046875,
    98.69042205810547
  ],
  "homography": [
    [
      6.16527533639331,
      -1.7593740644217568,
      -1253.2815143685366
    ],
    [
      0.41094636356894293,
      3.0183529718896196,
      -175.57787541694452
    ],
    [
      0.005237537368994888,
      -0.0031370903699607386,
      1.0
    ]
  ]
}