{
  "u": 90.1469955444336,
  "v": 90.84515380859375
}