{
  "pre_path": "data/real_human/subject_04/groin/view_02/pre.bmp",
  "intra_path": "data/real_human/subject_04/groin/view_02/intra.bmp",
  "center_pre": [
    678.0,
    317.0
  ],
  "markers_pre": [
    [
      650.0,
      283.0
    ],
    [
      704.0,
      285.0
    ],
    [
      706.0,
      349.0
    ],
    [
      649.0,
      349.0
    ]
  ],
  "markers_intra": [
    [
      650.0,
      285.0
    ],
    [
      704.0,
      284.0
    ],
    [
      708.0,
      348.0
    ],
    [
      649.0,
      351.0
    ]
  ],
  "center_gt": [
    678.4575805664062,
    316.8938293457031
  ],
  "homography": [
    [
      0.8120778569261596,
      -0.2889512920870477,
      102.99084473853064
    ],
    [
      -0.058603526660690616,
      0.6878257980976075,
      84.18289497978203
    ],
    [
      -4.508185479353254e-05,
      -0.0004451463999447277,
      0.9999999999999999
    ]
  ]
}