{
  "u": 89.32759857177734,
  "v": 89.8083724975586
}