{
  "u": 89.52857971191406,
  "v": 89.41879272460938
}