{
  "u": 89.9585952758789,
  "v": 90.33747863769531
}