{
  "u": 89.51351928710938,
  "v": 89.49781799316406
}