{
  "pre_path": "data/real_human/subject_08/neck/view_02/pre.bmp",
  "intra_path": "data/real_human/subject_08/neck/view_02/intra.bmp",
  "center_pre": [
    678.0,
    191.0
  ],
  "markers_pre": [
    [
      645.0,
      166.0
    ],
    [
      696.0,
      164.0
    ],
    [
      716.0,
      210.0
    ],
    [
      664.0,
      222.0
    ]
  ],
  "markers_intra": [
    [
      648.0,
      165.0
    ],
    [
      698.0,
      165.0
    ],
    [
      716.0,
      209.0
    ],
    [
      664.0,
      221.0
    ]
  ],
  "center_gt": [
    679.6988525390625,
    190.04257202148438
  ],
  "homography": [
    [
      2.2645870281701432,
      -0.8893649038345506,
      -329.5403893949145
    ],
    [
      0.24090429396061527,
      1.2513788858920838,
      -112.68808209043237
    ],
    [
      0.0011150161688837324,
      -0.0012136368456079163,
      1.0
    ]
  ]
}