{
  "u": 90.42314147949219,
  "v": 90.34593963623047
}