{
  "u": 89.64738464355469,
  "v": 89.71171569824219
}