{
  "u": 90.5369873046875,
  "v": 90.19683074951172
}