{
  "pre_path": "data/real_human/subject_04/groin/view_04/pre.bmp",
  "intra_path": "data/real_human/subject_04/groin/view_04/intra.bmp",
  "center_pre": [
    709.0,
    275.0
  ],
  "markers_pre": [
    [
      676.0,
      241.0
    ],
    [
      730.0,
      240.0
    ],
    [
      681.0,
      307.0
    ],
    [
      738.0,
      304.0
    ]
  ],
  "markers_intra": [
    [
      680.0,
      242.0
    ],
    [
      732.0,
      239.0
    ],
    [
      682.0,
      308.0
    ],
    [
      741.0,
      305.0
    ]
  ],
  "center_gt": [
    710.89306640625,
    274.3904724121094
  ],
  "homography": [
    [
      0.3047926160188326,
      -0.4108353804759063,
      305.0309302248562
    ],
    [
      -0.11420275602418829,
      0.43121794755899,
      119.92221079012333
    ],
    [
      -0.0003808831289012726,
      -0.0005666111261152636,
      1.0
    ]
  ]
}