{
  "u": 89.38866424560547,
  "v": 89.90026092529297
}