{
  "u": 90.15968322753906,
  "v": 89.43968200683594
}