{
  "u": 90.2774887084961,
  "v": 89.91513061523438
}