{
  "pre_path": "data/real_human/subject_09/neck/view_04/pre.bmp",
  "intra_path": "data/real_human/subject_09/neck/view_04/intra.bmp",
  "center_pre": [
    539.0,
    173.0
  ],
  "markers_pre": [
    [
      536.0,
      142.0
    ],
    [
      572.0,
      158.0
    ],
    [
      544.0,
      207.0
    ],
    [
      509.0,
      171.0
    ]
  ],
  "markers_intra": [
    [
      538.0,
      141.0
    ],
    [
      574.0,
      158.0
    ],
    [
      541.0,
      208.0
    ],
    [
      508.0,
      173.0
    ]
  ],
  "center_gt": [
    538.6663208007812,
    174.46067810058594
  ],
  "homography": [
    [
      1.6436671115539716,
      0.9616613841392785,
      -254.84220890351403
    ],
    [
      0.012831872972495705,
      1.8820900006834327,
      -74.239834269331
    ],
    [
      0.0002494699212544145,
      0.0019998447194211643,
      1.0
    ]
  ]
}