{
  "u": 89.78094482421875,
  "v": 90.09297943115234
}