{
  "u": 90.28208923339844,
  "v": 90.23062133789062
}