{
  "u": 90.37903594970703,
  "v": 90.3533706665039
}