{
  "u": 89.61573791503906,
  "v": 90.09648895263672
}