{
  "u": 90.19005584716797,
  "v": 90.1432113647461
}