{
  "u": 90.07402038574219,
  "v": 90.35546112060547
}