{
  "u": 90.19164276123047,
  "v": 89.32759857177734
}