{
  "u": 90.53936767578125,
  "v": 90.08802032470703
}