{
  "u": 90.23062133789062,
  "v": 89.71791076660156
}