{
  "u": 90.18190002441406,
  "v": 90.59467315673828
}