{
  "u": 90.09297943115234,
  "v": 90.21905517578125
}