{
  "u": 90.46940612792969,
  "v": 89.80070495605469
}