{
  "u": 90.28276062011719,
  "v": 90.06524658203125
}