{
  "u": 89.35887145996094,
  "v": 89.20953369140625
}