{
  "pre_path": "data/real_human/subject_06/groin/view_01/pre.bmp",
  "intra_path": "data/real_human/subject_06/groin/view_01/intra.bmp",
  "center_pre": [
    758.0,
    297.0
  ],
  "markers_pre": [
    [
      724.0,
      277.0
    ],
    [
      786.0,
      271.0
    ],
    [
      786.0,
      321.0
    ],
    [
      728.0,
      327.0
    ]
  ],
  "markers_intra": [
    [
      725.0,
      275.0
    ],
    [
      785.0,
      269.0
    ],
    [
      786.0,
      322.0
    ],
    [
      730.0,
      329.0
    ]
  ],
  "center_gt": [
    758.6710815429688,
    296.5931091308594
  ],
  "homography": [
    [
      1.596301759593477,
      0.037984668202332726,
      -218.54822063478565
    ],
    [
      0.1229624838951801,
      1.4176646659023562,
      -122.24705181463828
    ],
    [
      0.0004187516573350375,
      1.4406878963162266e-05,
      0.9999999999999999
    ]
  ]
}