{
  "u": 89.74829864501953,
  "v": 89.95893859863281
}