{
  "u": 90.22704315185547,
  "v": 90.23434448242188
}