{
  "u": 90.0979995727539,
  "v": 90.56340026855469
}