{
  "u": 89.8530044555664,
  "v": 89.1549072265625
}