{
  "u": 90.74615478515625,
  "v": 89.37681579589844
}