{
  "u": 90.02897644042969,
  "v": 89.76380157470703
}