{
  "u": 89.57405090332031,
  "v": 90.16120147705078
}