{
  "u": 90.47520446777344,
  "v": 90.18199157714844
}