{
  "pre_path": "data/real_human/subject_03/groin/view_05/pre.bmp",
  "intra_path": "data/real_human/subject_03/groin/view_05/intra.bmp",
  "center_pre": [
    588.0,
    188.0
  ],
  "markers_pre": [
    [
      542.0,
      158.0
    ],
    [
      619.0,
      152.0
    ],
    [
      630.0,
      221.0
    ],
    [
      550.0,
      218.0
    ]
  ],
  "markers_intra": [
    [
      542.0,
      158.0
    ],
    [
      616.0,
      151.0
    ],
    [
      630.0,
      221.0
    ],
    [
      552.0,
      221.0
    ]
  ],
  "center_gt": [
    588.27685546875,
    188.18678283691406
  ],
  "homography": [
    [
      1.4945219538626626,
      -0.15215495522951022,
      -123.7646640044787
    ],
    [
      0.06475972682888058,
      1.2116095996314329,
      -33.48672922559196
    ],
    [
      0.0005118126411139419,
      -0.0003517957008895121,
      0.9999999999999999
    ]
  ]
}