{
  "u": 90.50492095947266,
  "v": 90.11650848388672
}