{
  "u": 89.72847747802734,
  "v": 89.7954330444336
}