{
  "u": 90.10965728759766,
  "v": 90.2896728515625
}