{
  "u": 90.84515380859375,
  "v": 89.8530044555664
}