{
  "u": 90.09974670410156,
  "v": 89.38866424560547
}