{
  "u": 90.3454360961914,
  "v": 90.3868408203125
}