{
  "u": 89.89141082763672,
  "v": 90.38105010986328
}