{
  "u": 90.41842651367188,
  "v": 89.59457397460938
}