{
  "u": 89.62692260742188,
  "v": 90.31159210205078
}