{
  "u": 90.28684997558594,
  "v": 90.03519439697266
}