{
  "u": 90.65763854980469,
  "v": 89.41271209716797
}