{
  "pre_path": "data/real_human/subject_01/neck/view_02/pre.bmp",
  "intra_path": "data/real_human/subject_01/neck/view_02/intra.bmp",
  "center_pre": [
    729.0,
    456.0
  ],
  "markers_pre": [
    [
      700.0,
      438.0
    ],
    [
      729.0,
      426.0
    ],
    [
      756.0,
      463.0
    ],
    [
      726.0,
      484.0
    ]
  ],
  "markers_intra": [
    [
      700.0,
      439.0
    ],
    [
      729.0,
      427.0
    ],
    [
      758.0,
      463.0
    ],
    [
      726.0,
      486.0
    ]
  ],
  "center_gt": [
    729.1343383789062,
    456.1500244140625
  ],
  "homography": [
    [
      0.35385842408334645,
      -0.5658855334521921,
      356.4028135424937
    ],
    [
      -0.1054576737962776,
      0.14210530950033176,
      234.9952842715529
    ],
    [
      -0.00021395042909103343,
      -0.0007792512817893592,
      1.0
    ]
  ]
}