{
  "pre_path": "data/real_human/subject_08/neck/view_03/pre.bmp",
  "intra_path": "data/real_human/subject_08/neck/view_03/intra.bmp",
  "center_pre": [
    675.0,
    307.0
  ],
  "markers_pre": [
    [
      648.0,
      285.0
    ],
    [
      689.0,
      286.0
    ],
    [
      705.0,
      324.0
    ],
    [
      659.0,
      336.0
    ]
  ],
  "markers_intra": [
    [
      645.0,
      285.0
    ],
    [
      691.0,
      285.0
    ],
    [
      705.0,
      324.0
    ],
    [
      661.0,
      338.0
    ]
  ],
  "center_gt": [
    676.0674438476562,
    308.8975524902344
  ],
  "homography": [
    [
      -2.9515805237633588,
      -3.590805471913326,
      1908.0936977521742
    ],
    [
      -0.4314201920619564,
      -3.469122011634194,
      814.0672488952922
    ],
    [
      -0.0016819507934819268,
      -0.005276332857326666,
      1.0
    ]
  ]
}