{
  "u": 89.37681579589844,
  "v": 89.25384521484375
}