{
  "u": 90.48648071289062,
  "v": 90.50218200683594
}