{
  "u": 89.66255187988281,
  "v": 89.9585952758789
}