{
  "u": 91.00511169433594,
  "v": 89.84000396728516
}