{
  "u": 89.6466293334961,
  "v": 90.37903594970703
}