{
  "u": 90.61133575439453,
  "v": 90.09974670410156
}