{
  "u": 90.14122009277344,
  "v": 90.8868408203125
}