{
  "u": 89.7240982055664,
  "v": 90.83747100830078
}