{
  "u": 90.50218200683594,
  "v": 89.51351928710938
}