{
  "u": 89.69275665283203,
  "v": 90.25658416748047
}