{
  "u": 90.04987335205078,
  "v": 89.69432830810547
}