{
  "u": 90.33460235595703,
  "v": 89.08729553222656
}