{
  "pre_path": "data/real_human/subject_01/groin/view_04/pre.bmp",
  "intra_path": "data/real_human/subject_01/groin/view_04/intra.bmp",
  "center_pre": [
    659.0,
    205.0
  ],
  "markers_pre": [
    [
      619.0,
      187.0
    ],
    [
      699.0,
      180.0
    ],
    [
      692.0,
      228.0
    ],
    [
      616.0,
      240.0
    ]
  ],
  "markers_intra": [
    [
      620.0,
      187.0
    ],
    [
      699.0,
      180.0
    ],
    [
      694.0,
      228.0
    ],
    [
      616.0,
      241.0
    ]
  ],
  "center_gt": [
    659.9845581054688,
    204.69541931152344
  ],
  "homography": [
    [
      0.9286690918202085,
      -0.43481982401265656,
      66.30678816708799
    ],
    [
      0.006492867993707553,
      0.7563553159819881,
      23.39793569876557
    ],
    [
      4.8029843279451656e-05,
      -0.0006778613450091242,
      1.0
    ]
  ]
}