{
  "u": 90.05868530273438,
  "v": 89.64038848876953
}