{
  "u": 90.15155029296875,
  "v": 90.49554443359375
}