{
  "u": 89.8823471069336,
  "v": 89.26097106933594
}