{
  "u": 89.84000396728516,
  "v": 88.99488830566406
}