{
  "u": 90.73902893066406,
  "v": 89.8823471069336
}