{
  "u": 89.87753295898438,
  "v": 89.29573822021484
}