{
  "u": 90.2171859741211,
  "v": 89.2378921508789
}