{
  "u": 89.20953369140625,
  "v": 90.64112854003906
}