{
  "u": 89.92597198486328,
  "v": 89.64456939697266
}