{
  "u": 89.76919555664062,
  "v": 89.82611083984375
}