{
  "u": 90.67393493652344,
  "v": 89.79387664794922
}