{
  "u": 89.57685852050781,
  "v": 89.65406036376953
}