{
  "pre_path": "data/real_human/subject_07/neck/view_01/pre.bmp",
  "intra_path": "data/real_human/subject_07/neck/view_01/intra.bmp",
  "center_pre": [
    718.0,
    368.0
  ],
  "markers_pre": [
    [
      684.0,
      356.0
    ],
    [
      736.0,
      334.0
    ],
    [
      701.0,
      402.0
    ],
    [
      754.0,
      380.0
    ]
  ],
  "markers_intra": [
    [
      684.0,
      356.0
    ],
    [
      735.0,
      335.0
    ],
    [
      752.0,
      380.0
    ],
    [
      701.0,
      401.0
    ]
  ],
  "center_gt": [
    -1808.4949951171875,
    -5867.544921875
  ],
  "homography": [
    [
      -0.4164873574834157,
      -1.086004614534222,
      698.4300707099717
    ],
    [
      -0.24452094962093807,
      -0.5450610693257694,
      375.3129106424779
    ],
    [
      -0.000626459749152587,
      -0.001494726871769396,
      1.0
    ]
  ]
}