{
  "pre_path": "data/real_human/subject_04/neck/view_05/pre.bmp",
  "intra_path": "data/real_human/subject_04/neck/view_05/intra.bmp",
  "center_pre": [
    559.0,
    359.0
  ],
  "markers_pre": [
    [
      531.0,
      328.0
    ],
    [
      589.0,
      333.0
    ],
    [
      582.0,
      383.0
    ],
    [
      528.0,
      382.0
    ]
  ],
  "markers_intra": [
    [
      531.0,
      324.0
    ],
    [
      589.0,
      331.0
    ],
    [
      582.0,
      383.0
    ],
    [
      528.0,
      383.0
    ]
  ],
  "center_gt": [
    559.668701171875,
    358.0232849121094
  ],
  "homography": [
    [
      3.2182428199909294,
      0.20048651648154595,
      -651.8838158564913
    ],
    [
      0.6741243077813136,
      2.448609003631243,
      -476.02821549195875
    ],
    [
      0.001871702428055073,
      0.0003675509315592001,
      1.0
    ]
  ]
}