{
  "u": 90.35546112060547,
  "v": 89.92597198486328
}