{
  "pre_path": "data/real_human/subject_09/groin/view_01/pre.bmp",
  "intra_path": "data/real_human/subject_09/groin/view_01/intra.bmp",
  "center_pre": [
    799.0,
    256.0
  ],
  "markers_pre": [
    [
      788.0,
      215.0
    ],
    [
      838.0,
      242.0
    ],
    [
      805.0,
      295.0
    ],
    [
      758.0,
      269.0
    ]
  ],
  "markers_intra": [
    [
      788.0,
      215.0
    ],
    [
      835.0,
      240.0
    ],
    [
      805.0,
      295.0
    ],
    [
      758.0,
      269.0
    ]
  ],
  "center_gt": [
    798.6222534179688,
    254.54428100585938
  ],
  "homography": [
    [
      1.432098823794019,
      -0.8379078657324073,
      -51.350441406463396
    ],
    [
      0.09256764611897499,
      0.8344638963173953,
      -7.6150393838595445
    ],
    [
      0.0004653455592467766,
      -0.0010622139790471858,
      1.0
    ]
  ]
}