{
  "pre_path": "data/real_human/subject_03/neck/view_04/pre.bmp",
  "intra_path": "data/real_human/subject_03/neck/view_04/intra.bmp",
  "center_pre": [
    584.0,
    291.0
  ],
  "markers_pre": [
    [
      568.0,
      251.0
    ],
    [
      625.0,
      260.0
    ],
    [
      618.0,
      333.0
    ],
    [
      551.0,
      334.0
    ]
  ],
  "markers_intra": [
    [
      566.0,
      248.0
    ],
    [
      626.0,
      259.0
    ],
    [
      616.0,
      331.0
    ],
    [
      549.0,
      333.0
    ]
  ],
  "center_gt": [
    582.925537109375,
    290.4373474121094
  ],
  "homography": [
    [
      2.9301978270656583,
      1.092149582125618,
      -744.7947877405627
    ],
    [
      0.3319399386430034,
      2.788223189854132,
      -365.35691898234313
    ],
    [
      0.0011084145342670907,
      0.0019099936040558804,
      1.0
    ]
  ]
}