{
  "u": 89.83856201171875,
  "v": 90.19746398925781
}