{
  "u": 89.66058349609375,
  "v": 89.7442626953125
}