{
  "u": 89.85814666748047,
  "v": 89.43489074707031
}