{
  "u": 89.82975006103516,
  "v": 89.32183837890625
}