{
  "u": 90.58728790283203,
  "v": 90.65763854980469
}