{
  "u": 90.05175018310547,
  "v": 89.57820129394531
}